file_name,img_id,subject,object,subject_box,object_box,relationship
1.jpg,1,bike,person,"[716, 111, 1197, 457]","[760, 342, 1042, 1037]",above
2.jpg,2,bike,person,"[383, 355, 803, 710]","[610, 534, 888, 1000]",above
3.jpg,3,bike,person,"[1, 1, 671, 612]","[231, 118, 528, 960]",above
4.jpg,4,bike,person,"[205, 79, 369, 189]","[229, 131, 318, 276]",above
5.jpg,5,bike,person,"[285, 46, 589, 231]","[352, 138, 523, 498]",above
6.jpg,6,bike,person,"[94, 164, 846, 386]","[292, 274, 650, 1188]",above
7.jpg,7,bike,person,"[169, 12, 327, 127]","[151, 88, 277, 329]",above
8.jpg,8,bike,person,"[172, 269, 526, 515]","[307, 436, 463, 938]",above
9.jpg,9,bike,person,"[75, 251, 573, 593]","[288, 334, 440, 943]",above
10.jpg,10,bike,person,"[17, 105, 361, 329]","[134, 155, 319, 589]",above
11.jpg,11,bike,person,"[1, 1, 1080, 826]","[347, 218, 918, 1080]",above
12.jpg,12,building,wheel,"[207, 71, 1307, 891]","[1048, 685, 1112, 793]",has
13.jpg,13,building,wheel,"[437, 7, 2572, 1972]","[856, 1633, 1017, 1904]",has
14.jpg,14,building,wheel,"[83, 35, 495, 385]","[142, 322, 178, 372]",has
15.jpg,15,building,wheel,"[63, 61, 642, 485]","[145, 428, 190, 488]",has
16.jpg,16,building,wheel,"[73, 180, 477, 448]","[273, 408, 324, 459]",has
17.jpg,17,building,wheel,"[3, 24, 327, 233]","[58, 211, 85, 248]",has
18.jpg,18,building,wheel,"[195, 31, 522, 288]","[241, 252, 265, 293]",has
19.jpg,19,building,wheel,"[25, 159, 591, 423]","[223, 399, 282, 451]",has
20.jpg,20,building,wheel,"[178, 1, 3536, 2123]","[705, 1780, 928, 2061]",has
21.jpg,21,building,wheel,"[77, 71, 1304, 812]","[231, 637, 267, 735]",has
23.jpg,23,building,wheel,"[5, 184, 997, 606]","[418, 554, 471, 613]",has
24.jpg,24,building,wheel,"[86, 73, 1145, 831]","[664, 704, 785, 866]",has
25.jpg,25,building,wheel,"[134, 90, 605, 403]","[230, 329, 272, 383]",has
26.jpg,26,building,wheel,"[75, 9, 794, 741]","[202, 618, 279, 734]",has
27.jpg,27,building,wheel,"[58, 66, 569, 463]","[401, 367, 440, 422]",has
28.jpg,28,building,wheel,"[51, 29, 275, 145]","[145, 128, 168, 144]",has
29.jpg,29,building,wheel,"[192, 278, 1677, 1293]","[1134, 1093, 1312, 1345]",has
30.jpg,30,building,wheel,"[119, 1, 507, 333]","[384, 283, 425, 334]",has
31.jpg,31,car,road,"[125, 64, 449, 290]","[1, 387, 744, 562]",above
32.jpg,32,car,road,"[344, 25, 696, 279]","[1, 338, 800, 533]",above
33.jpg,33,car,road,"[175, 24, 573, 336]","[1, 309, 287, 387]",above
34.jpg,34,car,road,"[1003, 1225, 2016, 2025]","[103, 1861, 3216, 2836]",above
35.jpg,35,car,road,"[21, 46, 312, 284]","[1, 353, 478, 476]",above
36.jpg,36,car,road,"[31, 30, 223, 157]","[1, 180, 247, 204]",above
37.jpg,37,car,road,"[106, 31, 238, 147]","[1, 192, 340, 226]",above
38.jpg,38,car,road,"[744, 388, 1805, 817]","[1, 892, 1920, 1200]",above
39.jpg,39,car,road,"[198, 55, 360, 170]","[221, 276, 700, 411]",above
40.jpg,40,car,road,"[181, 59, 628, 360]","[1, 386, 800, 478]",above
41.jpg,41,car,tree,"[165, 89, 373, 191]","[1, 1, 445, 409]",in
42.jpg,42,car,tree,"[43, 75, 272, 250]","[118, 1, 356, 308]",in
43.jpg,43,car,tree,"[120, 80, 964, 545]","[1, 1, 1023, 576]",in
44.jpg,44,car,tree,"[842, 433, 2188, 1126]","[1, 1, 3558, 2310]",in
45.jpg,45,car,tree,"[114, 158, 284, 249]","[1, 1, 390, 460]",in
46.jpg,46,car,tree,"[187, 86, 458, 210]","[23, 1, 511, 332]",in
47.jpg,47,car,tree,"[13, 50, 228, 183]","[3, 3, 229, 311]",in
48.jpg,48,car,tree,"[237, 348, 777, 525]","[1, 1, 1014, 656]",in
49.jpg,49,car,tree,"[243, 520, 489, 628]","[46, 14, 671, 927]",in
50.jpg,50,car,tree,"[113, 32, 216, 80]","[1, 1, 324, 270]",in
51.jpg,51,car,bus,"[47, 224, 253, 325]","[14, 414, 351, 668]",on the top of
52.jpg,52,car,bus,"[182, 116, 402, 186]","[174, 174, 666, 360]",on the top of
53.jpg,53,car,bus,"[87, 66, 291, 127]","[47, 174, 568, 320]",on the top of
54.jpg,54,car,bus,"[371, 124, 450, 214]","[27, 157, 467, 450]",on the top of
55.jpg,55,car,bus,"[99, 100, 277, 200]","[75, 199, 520, 438]",on the top of
56.jpg,56,car,bus,"[71, 79, 423, 192]","[7, 204, 716, 455]",on the top of
57.jpg,57,car,bus,"[256, 40, 369, 129]","[214, 128, 430, 312]",on the top of
58.jpg,58,car,bus,"[153, 132, 232, 178]","[148, 194, 384, 289]",on the top of
59.jpg,59,car,bus,"[395, 127, 525, 215]","[331, 215, 524, 386]",on the top of
61.jpg,61,car,elephant,"[179, 161, 471, 371]","[18, 1, 636, 383]",under
62.jpg,62,car,elephant,"[207, 189, 479, 348]","[6, 21, 453, 336]",under
63.jpg,63,car,elephant,"[170, 284, 530, 592]","[397, 134, 703, 580]",under
64.jpg,64,car,elephant,"[22, 156, 484, 359]","[115, 27, 372, 260]",under
65.jpg,65,car,elephant,"[308, 367, 781, 626]","[383, 66, 779, 631]",under
66.jpg,66,cat,dog,"[220, 113, 503, 282]","[74, 83, 484, 447]",on the top of
67.jpg,67,cat,dog,"[362, 141, 548, 295]","[93, 170, 600, 448]",on the top of
68.jpg,68,cat,skateboard,"[248, 192, 846, 582]","[144, 437, 872, 664]",ride
69.jpg,69,dog,horse,"[55, 3, 117, 92]","[27, 56, 155, 177]",ride
70.jpg,70,cat,dog,"[126, 14, 309, 259]","[8, 123, 573, 676]",on the top of
74.jpg,74,cat,skateboard,"[372, 41, 1762, 1600]","[840, 1206, 1924, 1796]",ride
76.jpg,76,cat,tie,"[334, 36, 590, 349]","[397, 186, 481, 349]",wear
77.jpg,77,cat,tie,"[10, 132, 1280, 2155]","[480, 1032, 770, 1732]",wear
78.jpg,78,cat,tie,"[15, 440, 340, 811]","[136, 595, 208, 751]",wear
80.jpg,80,cone,person,"[252, 39, 501, 441]","[185, 395, 627, 927]",on the top of
81.jpg,81,cone,person,"[139, 2, 160, 30]","[124, 30, 179, 141]",on the top of
82.jpg,82,cone,person,"[662, 160, 930, 593]","[641, 423, 1013, 1200]",on the top of
83.jpg,83,cone,person,"[494, 1, 1135, 674]","[425, 453, 1097, 1200]",on the top of
84.jpg,84,cone,person,"[49, 33, 148, 146]","[20, 117, 262, 724]",on the top of
85.jpg,85,cone,person,"[106, 3, 222, 191]","[44, 161, 264, 506]",on the top of
86.jpg,86,cone,person,"[206, 39, 269, 99]","[189, 47, 308, 324]",on the top of
87.jpg,87,cone,person,"[486, 110, 849, 752]","[375, 410, 702, 1517]",on the top of
88.jpg,88,cone,person,"[278, 115, 423, 350]","[238, 308, 553, 800]",on the top of
89.jpg,89,cone,person,"[253, 2, 370, 192]","[162, 148, 523, 670]",on the top of
90.jpg,90,cone,person,"[298, 13, 385, 138]","[261, 126, 378, 408]",on the top of
91.jpg,91,cone,person,"[201, 54, 304, 167]","[118, 126, 263, 374]",on the top of
92.jpg,92,cone,person,"[107, 22, 185, 126]","[65, 111, 222, 365]",on the top of
93.jpg,93,cone,person,"[45, 59, 158, 226]","[35, 222, 155, 528]",on the top of
94.jpg,94,cone,person,"[276, 30, 710, 490]","[290, 368, 833, 931]",on the top of
95.jpg,95,cone,person,"[192, 71, 274, 186]","[154, 179, 314, 534]",on the top of
96.jpg,96,cone,person,"[35, 8, 88, 71]","[11, 60, 99, 202]",on the top of
102.jpg,102,dog,person,"[1, 65, 338, 376]","[1, 7, 587, 376]",rest on
103.jpg,103,dog,person,"[197, 61, 633, 230]","[86, 35, 460, 258]",rest on
104.jpg,104,dog,person,"[176, 45, 370, 190]","[19, 30, 370, 229]",rest on
105.jpg,105,dog,person,"[1, 115, 399, 352]","[1, 1, 544, 288]",rest on
106.jpg,106,dog,person,"[190, 6, 290, 88]","[163, 63, 289, 147]",rest on
107.jpg,107,dog,person,"[312, 24, 769, 425]","[162, 46, 393, 374]",rest on
108.jpg,108,dog,person,"[226, 426, 1049, 662]","[1, 160, 1477, 891]",rest on
109.jpg,109,dog,person,"[67, 6, 354, 224]","[38, 54, 617, 357]",ride
110.jpg,110,dog,person,"[880, 769, 3227, 1662]","[184, 522, 2874, 2057]",rest on
111.jpg,111,dog,person,"[1092, 690, 1418, 961]","[1, 409, 2273, 2203]",rest on
112.jpg,112,dog,person,"[341, 174, 751, 720]","[20, 1, 820, 720]",rest on
114.jpg,114,dog,horse,"[449, 270, 618, 376]","[31, 32, 291, 381]",pull
115.jpg,115,dog,horse,"[742, 458, 898, 710]","[400, 57, 668, 713]",pull
116.jpg,116,dog,horse,"[119, 95, 161, 185]","[43, 13, 107, 181]",pull
117.jpg,117,dog,horse,"[1, 665, 256, 1080]","[283, 68, 541, 637]",pull
118.jpg,118,dog,person,"[305, 177, 404, 217]","[12, 131, 292, 200]",pull
119.jpg,119,dog,person,"[246, 218, 521, 355]","[133, 34, 281, 356]",pull
120.jpg,120,dog,person,"[108, 232, 306, 345]","[586, 74, 827, 332]",pull
121.jpg,121,dog,person,"[445, 340, 536, 536]","[457, 176, 613, 500]",pull
122.jpg,122,dog,person,"[232, 228, 398, 325]","[4, 89, 173, 298]",pull
123.jpg,123,dog,person,"[67, 163, 298, 293]","[311, 109, 396, 255]",pull
124.jpg,124,dog,person,"[111, 306, 293, 467]","[375, 198, 553, 427]",pull
126.jpg,126,dog,person,"[116, 268, 205, 375]","[421, 129, 514, 344]",pull
127.jpg,127,dog,person,"[258, 357, 426, 625]","[583, 35, 786, 574]",pull
128.jpg,128,dog,person,"[238, 306, 539, 546]","[69, 113, 158, 336]",pull
129.jpg,129,dog,person,"[179, 96, 353, 200]","[15, 38, 108, 175]",pull
130.jpg,130,dog,person,"[45, 246, 247, 402]","[378, 86, 505, 287]",pull
131.jpg,131,dog,person,"[58, 137, 233, 217]","[224, 1, 324, 200]",pull
132.jpg,132,dog,person,"[22, 197, 252, 362]","[259, 55, 444, 301]",pull
133.jpg,133,dog,person,"[437, 1150, 804, 1485]","[630, 457, 901, 1252]",pull
134.jpg,134,dog,person,"[19, 662, 1008, 1322]","[1050, 22, 1794, 1170]",pull
135.jpg,135,dog,person,"[18, 112, 169, 218]","[264, 16, 519, 250]",pull
136.jpg,136,dog,person,"[256, 142, 385, 357]","[328, 11, 459, 239]",pull
137.jpg,137,dog,person,"[128, 110, 169, 142]","[28, 25, 101, 173]",pull
138.jpg,138,dog,person,"[179, 89, 277, 146]","[24, 19, 115, 149]",pull
139.jpg,139,dog,bike,"[181, 1, 355, 276]","[138, 97, 406, 307]",ride
140.jpg,140,dog,bike,"[185, 60, 393, 353]","[101, 128, 448, 396]",ride
141.jpg,141,dog,bike,"[18, 19, 154, 166]","[1, 51, 209, 252]",ride
142.jpg,142,dog,bike,"[102, 41, 262, 315]","[59, 208, 293, 464]",ride
143.jpg,143,dog,bike,"[238, 48, 551, 405]","[174, 198, 579, 455]",ride
144.jpg,144,dog,bike,"[65, 23, 166, 270]","[14, 133, 197, 309]",ride
145.jpg,145,dog,bike,"[227, 79, 620, 494]","[70, 153, 1035, 863]",ride
146.jpg,146,dog,bike,"[90, 141, 436, 377]","[13, 117, 539, 603]",ride
147.jpg,147,dog,bike,"[388, 56, 499, 271]","[380, 157, 545, 331]",ride
148.jpg,148,dog,bike,"[152, 137, 333, 379]","[130, 259, 339, 640]",ride
149.jpg,149,dog,car,"[7, 60, 519, 429]","[1, 1, 650, 431]",drive
150.jpg,150,dog,dog,"[111, 24, 153, 98]","[35, 37, 220, 235]",ride
151.jpg,151,dog,dog,"[252, 25, 369, 169]","[28, 114, 570, 401]",ride
152.jpg,152,dog,dog,"[299, 189, 390, 270]","[204, 207, 471, 442]",ride
153.jpg,153,dog,dog,"[457, 63, 494, 137]","[393, 65, 572, 283]",ride
154.jpg,154,dog,horse,"[192, 115, 522, 649]","[25, 357, 533, 678]",ride
155.jpg,155,dog,horse,"[51, 27, 259, 228]","[22, 80, 586, 617]",ride
156.jpg,156,dog,horse,"[188, 45, 316, 181]","[40, 107, 443, 314]",ride
157.jpg,157,dog,horse,"[398, 74, 534, 416]","[15, 126, 768, 641]",ride
158.jpg,158,dog,horse,"[232, 64, 385, 324]","[68, 225, 616, 561]",ride
159.jpg,159,dog,horse,"[267, 43, 380, 114]","[149, 89, 478, 292]",ride
160.jpg,160,dog,helmet,"[397, 62, 504, 223]","[410, 23, 484, 98]",wear
161.jpg,161,dog,horse,"[165, 2, 313, 133]","[9, 39, 429, 459]",ride
162.jpg,162,dog,motorcycle,"[323, 80, 429, 357]","[11, 124, 509, 357]",ride
163.jpg,163,dog,motorcycle,"[223, 83, 378, 292]","[103, 91, 511, 355]",ride
164.jpg,164,dog,person,"[365, 88, 553, 238]","[267, 117, 543, 631]",ride
165.jpg,165,dog,person,"[32, 19, 123, 184]","[38, 42, 200, 311]",ride
166.jpg,166,dog,person,"[32, 64, 553, 688]","[127, 268, 606, 698]",ride
171.jpg,171,dog,person,"[29, 22, 286, 454]","[157, 56, 291, 446]",taller than
172.jpg,172,dog,person,"[194, 61, 350, 399]","[342, 174, 458, 415]",taller than
173.jpg,173,dog,person,"[1, 6, 512, 854]","[541, 212, 736, 696]",taller than
174.jpg,174,dog,person,"[491, 138, 905, 697]","[216, 206, 363, 631]",taller than
175.jpg,175,dog,person,"[280, 139, 498, 520]","[348, 324, 597, 547]",taller than
176.jpg,176,dog,person,"[100, 19, 404, 634]","[457, 87, 670, 621]",taller than
177.jpg,177,dog,person,"[77, 19, 236, 332]","[41, 24, 126, 301]",taller than
178.jpg,178,dog,person,"[90, 56, 538, 877]","[268, 112, 512, 869]",taller than
179.jpg,179,dog,person,"[23, 39, 260, 383]","[27, 69, 92, 354]",taller than
180.jpg,180,dog,person,"[1, 14, 522, 593]","[199, 150, 581, 616]",taller than
181.jpg,181,dog,person,"[1, 59, 570, 811]","[284, 99, 582, 825]",taller than
182.jpg,182,dog,person,"[73, 18, 439, 548]","[10, 6, 248, 553]",taller than
183.jpg,183,dog,person,"[332, 200, 926, 571]","[153, 258, 300, 555]",taller than
184.jpg,184,dog,hat,"[1, 87, 258, 500]","[1, 1, 378, 292]",wear
185.jpg,185,dog,hat,"[28, 332, 511, 770]","[1, 15, 484, 613]",wear
186.jpg,186,dog,shirt,"[65, 82, 141, 248]","[71, 121, 124, 189]",wear
187.jpg,187,dog,pants,"[41, 35, 433, 357]","[44, 48, 176, 318]",wear
188.jpg,188,dog,pants,"[4, 1, 195, 213]","[4, 82, 123, 233]",wear
189.jpg,189,dog,sunglasses,"[150, 97, 625, 417]","[189, 154, 410, 218]",wear
190.jpg,190,dog,shirt,"[1, 81, 159, 416]","[1, 146, 153, 359]",wear
191.jpg,191,dog,sunglasses,"[134, 152, 467, 555]","[149, 214, 358, 290]",wear
192.jpg,192,dog,sunglasses,"[234, 220, 618, 538]","[324, 221, 497, 302]",wear
193.jpg,193,dog,sunglasses,"[1, 194, 545, 899]","[159, 194, 424, 336]",wear
194.jpg,194,dog,sunglasses,"[1, 24, 340, 499]","[36, 204, 323, 286]",wear
195.jpg,195,dog,sunglasses,"[1, 32, 267, 182]","[140, 45, 247, 83]",wear
196.jpg,196,dog,sunglasses,"[1, 8, 682, 682]","[88, 193, 582, 432]",wear
197.jpg,197,dog,sunglasses,"[149, 121, 377, 632]","[251, 183, 371, 220]",wear
198.jpg,198,dog,shirt,"[219, 33, 687, 613]","[277, 219, 607, 524]",wear
199.jpg,199,dog,shirt,"[36, 37, 180, 326]","[38, 140, 170, 288]",wear
200.jpg,200,dog,hat,"[146, 284, 758, 775]","[154, 1, 734, 301]",wear
201.jpg,201,dog,tie,"[8, 64, 592, 577]","[393, 233, 487, 472]",wear
202.jpg,202,dog,shirt,"[429, 25, 745, 609]","[442, 246, 693, 470]",wear
203.jpg,203,car,elephant,"[52, 149, 259, 300]","[87, 4, 210, 175]",under
204.jpg,204,person,elephant,"[168, 101, 277, 420]","[51, 112, 170, 411]",taller than
206.jpg,206,elephant,person,"[103, 72, 425, 475]","[1, 30, 515, 633]",sleep on
207.jpg,207,elephant,person,"[657, 141, 1162, 904]","[436, 454, 1136, 981]",sleep on
208.jpg,208,truck,elephant,"[167, 170, 881, 506]","[462, 102, 762, 347]",carry
209.jpg,209,truck,elephant,"[9, 182, 680, 497]","[283, 90, 561, 339]",carry
210.jpg,210,truck,elephant,"[27, 135, 541, 372]","[163, 112, 347, 202]",carry
211.jpg,211,truck,elephant,"[38, 130, 317, 293]","[156, 79, 245, 210]",carry
212.jpg,212,truck,elephant,"[154, 121, 220, 190]","[172, 91, 209, 155]",carry
213.jpg,213,truck,elephant,"[18, 180, 634, 438]","[71, 178, 457, 339]",carry
214.jpg,214,truck,elephant,"[1, 191, 634, 476]","[148, 68, 554, 355]",carry
215.jpg,215,truck,elephant,"[44, 112, 617, 389]","[121, 66, 352, 223]",carry
216.jpg,216,truck,elephant,"[209, 161, 634, 331]","[288, 23, 511, 232]",carry
217.jpg,217,truck,elephant,"[1, 94, 478, 304]","[275, 45, 480, 216]",carry
218.jpg,218,elephant,bike,"[87, 46, 286, 281]","[72, 148, 301, 377]",ride
219.jpg,219,elephant,bike,"[22, 69, 136, 229]","[7, 154, 152, 272]",ride
220.jpg,220,elephant,bike,"[92, 17, 376, 298]","[156, 145, 474, 356]",ride
221.jpg,221,elephant,bike,"[188, 88, 490, 281]","[115, 178, 372, 319]",ride
222.jpg,222,elephant,bike,"[726, 212, 1414, 741]","[901, 457, 1605, 865]",ride
223.jpg,223,elephant,bike,"[4, 3, 382, 276]","[1, 150, 277, 292]",ride
224.jpg,224,elephant,glasses,"[89, 1, 512, 344]","[115, 27, 283, 125]",wear
225.jpg,225,elephant,glasses,"[330, 133, 1443, 975]","[1021, 178, 1341, 455]",wear
226.jpg,226,elephant,hat,"[1, 70, 156, 234]","[8, 39, 96, 86]",wear
227.jpg,227,elephant,hat,"[50, 60, 378, 443]","[61, 1, 206, 73]",wear
228.jpg,228,elephant,pants,"[1, 64, 500, 425]","[54, 71, 269, 414]",wear
229.jpg,229,elephant,pants,"[105, 15, 604, 348]","[400, 31, 539, 314]",wear
230.jpg,230,hat,building,"[59, 44, 176, 97]","[63, 91, 171, 142]",on the top of
231.jpg,231,hat,building,"[27, 5, 254, 112]","[64, 95, 231, 191]",on the top of
232.jpg,232,hat,building,"[78, 37, 510, 173]","[212, 162, 381, 250]",on the top of
233.jpg,233,hat,building,"[182, 18, 285, 230]","[12, 168, 468, 290]",on the top of
234.jpg,234,horse,sofa,"[108, 79, 342, 190]","[116, 94, 378, 274]",on
236.jpg,236,cone,horse,"[192, 30, 287, 143]","[96, 122, 500, 500]",on the top of
239.jpg,239,person,chair,"[2, 44, 124, 382]","[61, 66, 263, 364]",carry
240.jpg,240,person,chair,"[132, 77, 324, 563]","[282, 229, 511, 562]",carry
241.jpg,241,person,chair,"[21, 207, 580, 1270]","[223, 424, 754, 1096]",carry
242.jpg,242,person,chair,"[23, 316, 256, 920]","[231, 34, 590, 606]",carry
243.jpg,243,person,chair,"[1, 423, 180, 675]","[289, 108, 647, 492]",carry
244.jpg,244,person,chair,"[164, 261, 456, 600]","[1, 30, 480, 366]",carry
245.jpg,245,person,chair,"[271, 225, 574, 935]","[68, 367, 414, 817]",carry
246.jpg,246,person,chair,"[90, 128, 238, 627]","[103, 211, 467, 483]",carry
247.jpg,247,person,chair,"[103, 31, 196, 207]","[156, 50, 221, 162]",carry
248.jpg,248,person,chair,"[87, 95, 149, 197]","[56, 107, 99, 162]",carry
249.jpg,249,person,bed,"[335, 202, 494, 750]","[10, 19, 810, 386]",carry
250.jpg,250,person,bed,"[359, 164, 459, 335]","[299, 101, 533, 189]",carry
251.jpg,251,person,bed,"[183, 90, 239, 251]","[119, 125, 260, 232]",carry
252.jpg,252,person,bed,"[129, 150, 279, 596]","[70, 75, 416, 252]",carry
253.jpg,253,person,bed,"[311, 397, 508, 939]","[165, 151, 661, 805]",carry
254.jpg,254,person,bed,"[17, 17, 69, 114]","[35, 18, 236, 204]",carry
255.jpg,255,person,bed,"[30, 42, 76, 156]","[64, 70, 186, 116]",carry
256.jpg,256,person,bed,"[1, 118, 119, 375]","[73, 29, 304, 359]",carry
257.jpg,257,person,car,"[118, 6, 478, 448]","[167, 246, 394, 369]",hold
258.jpg,258,person,car,"[369, 1, 736, 267]","[291, 206, 550, 320]",hold
259.jpg,259,person,car,"[56, 77, 233, 338]","[58, 248, 227, 328]",hold
260.jpg,260,person,car,"[26, 70, 266, 350]","[173, 288, 367, 351]",hold
261.jpg,261,person,car,"[226, 24, 468, 203]","[200, 172, 266, 199]",hold
262.jpg,262,person,car,"[74, 15, 300, 428]","[127, 406, 217, 465]",hold
263.jpg,263,person,car,"[406, 1, 960, 640]","[368, 550, 539, 620]",hold
264.jpg,264,person,car,"[172, 110, 389, 479]","[164, 274, 298, 328]",hold
265.jpg,265,person,car,"[257, 1, 1052, 1126]","[366, 562, 691, 762]",hold
266.jpg,266,person,car,"[289, 9, 562, 468]","[327, 285, 496, 344]",hold
269.jpg,269,person,shoes,"[61, 16, 317, 267]","[27, 104, 95, 267]",hold
270.jpg,270,person,shoes,"[360, 44, 642, 902]","[369, 520, 431, 654]",hold
271.jpg,271,person,shoes,"[53, 185, 321, 768]","[13, 485, 96, 582]",hold
272.jpg,272,person,shoes,"[341, 2, 696, 575]","[585, 184, 708, 367]",hold
273.jpg,273,person,shoes,"[220, 24, 514, 487]","[203, 363, 292, 488]",hold
274.jpg,274,person,shoes,"[87, 9, 194, 160]","[111, 61, 186, 130]",hold
277.jpg,277,person,shoes,"[384, 1, 805, 488]","[573, 120, 837, 402]",hold
280.jpg,280,person,shoes,"[213, 154, 670, 1207]","[554, 431, 729, 633]",hold
281.jpg,281,person,shoes,"[436, 477, 724, 1319]","[596, 970, 705, 1168]",hold
282.jpg,282,person,refrigerator,"[175, 250, 408, 527]","[1, 190, 427, 640]",in
283.jpg,283,person,refrigerator,"[253, 86, 498, 450]","[1, 1, 600, 449]",in
284.jpg,284,person,refrigerator,"[120, 66, 173, 167]","[1, 1, 241, 183]",in
285.jpg,285,person,refrigerator,"[244, 108, 546, 639]","[1, 1, 570, 636]",in
286.jpg,286,person,refrigerator,"[45, 205, 239, 672]","[8, 1, 517, 706]",in
287.jpg,287,person,refrigerator,"[182, 247, 320, 480]","[3, 1, 500, 745]",in
288.jpg,288,person,refrigerator,"[159, 97, 450, 530]","[109, 21, 632, 808]",in
289.jpg,289,person,refrigerator,"[60, 7, 374, 443]","[4, 1, 435, 575]",in
290.jpg,290,person,refrigerator,"[62, 89, 113, 208]","[45, 1, 194, 208]",in
291.jpg,291,person,refrigerator,"[164, 338, 279, 641]","[26, 98, 300, 677]",in
292.jpg,292,person,refrigerator,"[50, 195, 198, 382]","[3, 1, 274, 419]",in
293.jpg,293,person,refrigerator,"[184, 49, 530, 712]","[46, 2, 956, 719]",in
294.jpg,294,person,tree,"[828, 607, 1147, 1333]","[2, 1, 1920, 2555]",inside
295.jpg,295,person,tree,"[200, 130, 388, 284]","[128, 1, 513, 479]",inside
296.jpg,296,person,tree,"[406, 835, 601, 1522]","[220, 1, 912, 1551]",inside
297.jpg,297,person,tree,"[500, 237, 637, 563]","[2, 4, 1599, 1093]",inside
298.jpg,298,person,tree,"[117, 83, 134, 124]","[4, 1, 265, 148]",inside
299.jpg,299,person,tree,"[81, 79, 237, 161]","[108, 1, 224, 146]",inside
300.jpg,300,person,tree,"[102, 91, 135, 210]","[1, 1, 182, 274]",inside
301.jpg,301,person,tree,"[996, 809, 1896, 3019]","[666, 1, 2961, 3254]",inside
302.jpg,302,person,tree,"[1779, 1158, 2384, 2529]","[641, 1, 4287, 3209]",inside
303.jpg,303,person,tree,"[119, 186, 218, 631]","[13, 2, 367, 716]",inside
304.jpg,304,person,tree,"[294, 253, 327, 362]","[1, 1, 549, 393]",inside
305.jpg,305,person,tree,"[159, 133, 190, 233]","[18, 1, 356, 266]",inside
306.jpg,306,person,tree,"[826, 474, 907, 893]","[9, 5, 1600, 914]",inside
307.jpg,307,person,tree,"[426, 545, 680, 1580]","[1, 1, 1197, 1596]",inside
310.jpg,310,person,car,"[214, 63, 472, 264]","[21, 248, 571, 443]",on the top of
311.jpg,311,person,car,"[210, 197, 357, 629]","[142, 459, 938, 905]",on the top of
312.jpg,312,person,car,"[154, 116, 257, 282]","[8, 274, 337, 486]",on the top of
313.jpg,313,person,car,"[296, 11, 384, 99]","[181, 91, 463, 200]",on the top of
314.jpg,314,person,car,"[136, 46, 177, 157]","[72, 149, 236, 254]",on the top of
315.jpg,315,person,car,"[142, 37, 178, 101]","[83, 69, 216, 142]",on the top of
316.jpg,316,person,car,"[373, 261, 471, 375]","[63, 342, 602, 510]",on the top of
317.jpg,317,person,car,"[659, 93, 787, 357]","[439, 349, 972, 555]",on the top of
318.jpg,318,person,car,"[249, 24, 329, 127]","[16, 100, 511, 341]",on the top of
319.jpg,319,person,car,"[348, 44, 685, 342]","[113, 326, 750, 555]",on the top of
320.jpg,320,person,car,"[236, 19, 419, 111]","[203, 90, 450, 291]",on the top of
321.jpg,321,person,car,"[918, 146, 1385, 531]","[634, 482, 1618, 980]",on the top of
322.jpg,322,person,car,"[322, 40, 464, 233]","[226, 185, 551, 366]",on the top of
323.jpg,323,person,car,"[426, 107, 884, 686]","[2, 658, 1266, 933]",on the top of
324.jpg,324,person,car,"[249, 1, 377, 235]","[1, 186, 480, 360]",on the top of
325.jpg,325,person,car,"[309, 142, 736, 263]","[1, 203, 800, 600]",on the top of
326.jpg,326,person,car,"[73, 65, 180, 222]","[1, 170, 500, 487]",on the top of
327.jpg,327,person,car,"[315, 18, 449, 386]","[161, 377, 634, 490]",on the top of
328.jpg,328,person,traffic light,"[122, 21, 222, 274]","[138, 147, 195, 411]",on the top of
329.jpg,329,person,traffic light,"[161, 105, 359, 561]","[90, 389, 314, 731]",on the top of
330.jpg,330,person,traffic light,"[120, 89, 249, 360]","[145, 209, 298, 499]",on the top of
331.jpg,331,person,traffic light,"[130, 266, 436, 620]","[196, 402, 456, 886]",on the top of
332.jpg,332,person,traffic light,"[432, 143, 642, 722]","[209, 168, 630, 722]",on the top of
333.jpg,333,person,traffic light,"[144, 255, 271, 501]","[179, 395, 240, 634]",on the top of
334.jpg,334,person,traffic light,"[220, 7, 515, 640]","[27, 233, 634, 749]",on the top of
335.jpg,335,person,traffic light,"[483, 6, 577, 212]","[234, 128, 600, 414]",on the top of
336.jpg,336,person,traffic light,"[55, 24, 368, 608]","[74, 270, 452, 683]",on the top of
337.jpg,337,person,traffic light,"[254, 298, 460, 638]","[302, 436, 472, 1052]",on the top of
338.jpg,338,person,traffic light,"[307, 85, 511, 576]","[237, 429, 489, 1023]",on the top of
339.jpg,339,person,traffic light,"[26, 159, 146, 304]","[83, 250, 123, 343]",on the top of
340.jpg,340,person,traffic light,"[72, 80, 316, 407]","[82, 211, 362, 520]",on the top of
341.jpg,341,person,traffic light,"[207, 14, 367, 396]","[200, 150, 311, 463]",on the top of
342.jpg,342,person,bed,"[259, 3, 482, 281]","[1, 315, 621, 458]",above
343.jpg,343,person,bed,"[42, 56, 257, 150]","[1, 148, 266, 188]",above
344.jpg,344,person,bed,"[81, 130, 343, 232]","[191, 234, 500, 375]",above
345.jpg,345,person,bed,"[256, 6, 701, 280]","[237, 327, 1005, 683]",above
346.jpg,346,person,bed,"[25, 131, 314, 653]","[2, 431, 600, 882]",above
347.jpg,347,person,bed,"[232, 16, 470, 395]","[1, 226, 507, 400]",above
348.jpg,348,person,bed,"[1, 62, 336, 209]","[6, 122, 515, 472]",above
349.jpg,349,person,bed,"[289, 167, 689, 347]","[1, 322, 744, 681]",above
350.jpg,350,person,bed,"[72, 73, 770, 304]","[1, 329, 873, 683]",above
351.jpg,351,person,bed,"[23, 1, 995, 459]","[1, 300, 989, 664]",above
352.jpg,352,person,bed,"[1, 85, 396, 331]","[1, 455, 344, 601]",above
353.jpg,353,person,bed,"[143, 119, 400, 209]","[3, 267, 527, 334]",above
354.jpg,354,person,bed,"[426, 44, 742, 532]","[1, 313, 1024, 810]",above
355.jpg,355,person,bed,"[31, 176, 523, 660]","[1, 584, 655, 987]",above
356.jpg,356,person,bed,"[223, 57, 922, 425]","[92, 371, 1200, 798]",above
357.jpg,357,person,bed,"[542, 339, 1292, 1554]","[1, 1157, 3182, 2336]",above
358.jpg,358,person,bed,"[1528, 97, 3511, 2353]","[395, 1703, 4367, 3456]",above
359.jpg,359,person,bed,"[168, 58, 454, 214]","[1, 167, 500, 334]",above
360.jpg,360,person,bed,"[46, 10, 224, 332]","[1, 384, 558, 598]",above
361.jpg,361,person,bed,"[284, 57, 875, 252]","[1, 266, 840, 493]",above
362.jpg,362,person,bed,"[230, 24, 439, 222]","[20, 235, 563, 390]",above
363.jpg,363,person,bed,"[186, 30, 289, 269]","[86, 264, 540, 360]",above
365.jpg,365,person,bed,"[115, 72, 366, 192]","[15, 192, 456, 291]",above
366.jpg,366,person,bed,"[54, 107, 415, 296]","[22, 150, 569, 399]",above
367.jpg,367,person,bed,"[80, 21, 151, 128]","[2, 117, 176, 212]",above
368.jpg,368,person,boat,"[145, 107, 403, 494]","[373, 325, 836, 472]",pull
369.jpg,369,person,boat,"[451, 236, 503, 326]","[489, 248, 750, 324]",pull
370.jpg,370,person,boat,"[499, 108, 569, 321]","[173, 315, 555, 606]",pull
371.jpg,371,person,boat,"[415, 444, 682, 793]","[884, 680, 2138, 1219]",pull
372.jpg,372,person,boat,"[152, 48, 313, 338]","[257, 100, 621, 299]",pull
373.jpg,373,person,boat,"[613, 235, 776, 476]","[13, 290, 714, 432]",pull
374.jpg,374,person,boat,"[6, 52, 54, 150]","[220, 109, 337, 249]",pull
375.jpg,375,person,boat,"[454, 185, 515, 316]","[125, 295, 207, 330]",pull
376.jpg,376,person,boat,"[283, 109, 349, 178]","[150, 137, 454, 284]",pull
377.jpg,377,person,boat,"[1018, 230, 1229, 599]","[380, 128, 1344, 384]",pull
381.jpg,381,person,dog,"[142, 91, 251, 385]","[79, 256, 316, 473]",ride
382.jpg,382,person,dog,"[267, 85, 526, 964]","[11, 470, 745, 973]",ride
383.jpg,383,person,dog,"[217, 23, 346, 335]","[124, 160, 432, 382]",ride
384.jpg,384,person,dog,"[151, 51, 238, 227]","[68, 40, 347, 316]",ride
385.jpg,385,person,dog,"[115, 29, 243, 226]","[1, 145, 337, 403]",ride
386.jpg,386,person,dog,"[89, 245, 208, 566]","[16, 293, 294, 741]",ride
387.jpg,387,person,dog,"[426, 1, 663, 559]","[126, 267, 965, 720]",ride
388.jpg,388,person,dog,"[58, 22, 127, 242]","[34, 122, 168, 218]",ride
389.jpg,389,person,dog,"[493, 120, 632, 522]","[343, 249, 779, 591]",ride
390.jpg,390,person,dog,"[327, 24, 519, 582]","[186, 128, 722, 550]",ride
391.jpg,391,person,dog,"[115, 79, 209, 399]","[1, 205, 311, 407]",ride
392.jpg,392,person,dog,"[277, 10, 389, 328]","[152, 153, 490, 328]",ride
393.jpg,393,person,giraffe,"[290, 61, 560, 560]","[3, 10, 623, 821]",ride
394.jpg,394,person,giraffe,"[111, 110, 334, 450]","[47, 86, 262, 450]",ride
395.jpg,395,person,giraffe,"[219, 133, 321, 265]","[64, 108, 386, 405]",ride
396.jpg,396,person,giraffe,"[169, 70, 258, 195]","[75, 1, 442, 337]",ride
397.jpg,397,person,giraffe,"[185, 67, 241, 189]","[129, 36, 384, 357]",ride
398.jpg,398,person,giraffe,"[6, 48, 202, 278]","[14, 90, 467, 390]",ride
399.jpg,399,person,giraffe,"[152, 261, 464, 1142]","[173, 1, 714, 1155]",ride
400.jpg,400,person,giraffe,"[164, 238, 340, 708]","[2, 156, 570, 799]",ride
401.jpg,401,person,giraffe,"[188, 83, 381, 542]","[104, 1, 574, 897]",ride
402.jpg,402,person,giraffe,"[238, 49, 364, 316]","[137, 95, 402, 347]",ride
403.jpg,403,person,suitcase,"[405, 4, 693, 605]","[421, 252, 632, 612]",ride
404.jpg,404,person,suitcase,"[215, 176, 582, 714]","[252, 575, 514, 784]",ride
405.jpg,405,person,suitcase,"[414, 34, 640, 543]","[419, 276, 617, 538]",ride
406.jpg,406,person,suitcase,"[350, 60, 446, 274]","[366, 175, 422, 288]",ride
407.jpg,407,person,suitcase,"[485, 8, 752, 551]","[467, 292, 720, 595]",ride
408.jpg,408,person,suitcase,"[85, 207, 400, 826]","[164, 552, 347, 845]",ride
409.jpg,409,person,suitcase,"[322, 27, 537, 433]","[329, 190, 553, 443]",ride
410.jpg,410,person,suitcase,"[177, 37, 551, 520]","[206, 273, 471, 520]",ride
411.jpg,411,person,suitcase,"[444, 38, 956, 971]","[512, 479, 885, 967]",ride
412.jpg,412,person,suitcase,"[327, 117, 764, 933]","[479, 497, 676, 898]",ride
413.jpg,413,person,suitcase,"[762, 7, 1218, 880]","[809, 457, 1200, 890]",ride
414.jpg,414,person,suitcase,"[230, 2, 407, 399]","[262, 207, 405, 372]",ride
415.jpg,415,person,cart,"[143, 37, 288, 224]","[172, 141, 296, 321]",in
416.jpg,416,person,cart,"[358, 26, 1145, 870]","[216, 475, 1188, 1131]",in
417.jpg,417,person,cart,"[562, 156, 1205, 518]","[396, 188, 978, 720]",in
418.jpg,418,person,cart,"[129, 1, 276, 439]","[43, 282, 336, 600]",in
419.jpg,419,person,cart,"[67, 115, 153, 209]","[75, 134, 147, 275]",in
420.jpg,420,person,cart,"[184, 140, 283, 259]","[187, 180, 291, 356]",in
421.jpg,421,person,cart,"[216, 90, 380, 302]","[190, 180, 432, 420]",in
422.jpg,422,person,cart,"[766, 585, 1135, 1020]","[581, 747, 1243, 1452]",in
423.jpg,423,person,cart,"[43, 80, 376, 462]","[1, 257, 484, 800]",in
424.jpg,424,person,cart,"[133, 117, 704, 618]","[29, 192, 635, 720]",in
425.jpg,425,person,cart,"[58, 142, 476, 376]","[175, 235, 420, 513]",in
426.jpg,426,person,cart,"[390, 146, 1423, 1200]","[160, 614, 1444, 1200]",in
427.jpg,427,person,bench,"[318, 97, 444, 565]","[291, 442, 634, 689]",stand on
428.jpg,428,person,bench,"[200, 77, 329, 427]","[124, 350, 521, 518]",stand on
429.jpg,429,person,bench,"[447, 77, 560, 386]","[82, 346, 656, 439]",stand on
430.jpg,430,person,bench,"[77, 46, 164, 406]","[37, 397, 258, 511]",stand on
431.jpg,431,person,bench,"[498, 144, 725, 594]","[107, 375, 1088, 789]",stand on
432.jpg,432,person,bench,"[348, 248, 569, 957]","[327, 718, 750, 1151]",stand on
433.jpg,433,person,bench,"[251, 80, 683, 980]","[41, 791, 616, 1086]",stand on
434.jpg,434,person,bench,"[59, 158, 173, 430]","[95, 422, 344, 505]",stand on
435.jpg,435,person,bench,"[260, 218, 480, 888]","[1, 817, 768, 1024]",stand on
436.jpg,436,person,bench,"[93, 1, 133, 143]","[7, 63, 249, 217]",stand on
437.jpg,437,person,bench,"[171, 94, 429, 797]","[1, 454, 528, 797]",stand on
438.jpg,438,person,bench,"[136, 101, 304, 466]","[96, 336, 480, 574]",stand on
439.jpg,439,person,bench,"[55, 24, 206, 225]","[94, 203, 397, 345]",stand on
440.jpg,440,person,bench,"[289, 84, 501, 781]","[211, 507, 634, 852]",stand on
441.jpg,441,person,bench,"[183, 142, 242, 340]","[148, 288, 245, 389]",stand on
442.jpg,442,person,horse,"[441, 42, 727, 355]","[421, 300, 778, 620]",stand on
443.jpg,443,person,horse,"[793, 362, 1687, 2262]","[169, 2015, 2210, 3721]",stand on
444.jpg,444,person,horse,"[266, 76, 326, 243]","[53, 194, 397, 455]",stand on
445.jpg,445,person,horse,"[951, 120, 1174, 753]","[747, 591, 1331, 1313]",stand on
446.jpg,446,person,horse,"[876, 67, 1083, 500]","[757, 460, 1113, 1200]",stand on
447.jpg,447,person,horse,"[140, 49, 851, 826]","[384, 578, 773, 1504]",stand on
448.jpg,448,person,horse,"[213, 11, 343, 248]","[115, 164, 351, 333]",stand on
449.jpg,449,person,horse,"[323, 12, 474, 226]","[251, 167, 521, 372]",stand on
450.jpg,450,person,horse,"[167, 60, 216, 188]","[98, 138, 295, 280]",stand on
451.jpg,451,person,horse,"[73, 3, 117, 153]","[49, 117, 172, 274]",stand on
452.jpg,452,person,horse,"[310, 57, 421, 439]","[101, 312, 697, 570]",stand on
453.jpg,453,person,horse,"[6, 7, 87, 155]","[17, 143, 100, 280]",stand on
454.jpg,454,person,horse,"[181, 38, 244, 144]","[135, 87, 343, 257]",stand on
455.jpg,455,person,horse,"[218, 5, 457, 613]","[69, 313, 525, 999]",stand on
456.jpg,456,person,building,"[152, 26, 302, 262]","[120, 57, 198, 266]",taller than
457.jpg,457,person,elephant,"[279, 16, 386, 349]","[363, 229, 517, 359]",taller than
458.jpg,458,person,elephant,"[11, 27, 272, 346]","[145, 95, 399, 374]",taller than
459.jpg,459,person,elephant,"[87, 1, 275, 511]","[173, 167, 582, 569]",taller than
460.jpg,460,person,elephant,"[13, 107, 167, 547]","[120, 292, 301, 521]",taller than
461.jpg,461,person,elephant,"[2140, 257, 3050, 2752]","[887, 794, 2572, 2746]",taller than
462.jpg,462,person,elephant,"[721, 189, 1026, 1017]","[457, 349, 891, 1002]",taller than
463.jpg,463,person,elephant,"[30, 53, 185, 393]","[192, 169, 583, 396]",taller than
464.jpg,464,person,elephant,"[346, 51, 474, 408]","[14, 94, 389, 415]",taller than
465.jpg,465,person,elephant,"[35, 1, 123, 209]","[197, 148, 379, 310]",taller than
466.jpg,466,person,elephant,"[688, 3, 1294, 1097]","[1, 382, 829, 1102]",taller than
467.jpg,467,person,jacket,"[169, 78, 454, 894]","[168, 57, 491, 425]",under
468.jpg,468,person,jacket,"[601, 142, 810, 639]","[546, 16, 953, 339]",under
469.jpg,469,person,jacket,"[218, 416, 635, 1305]","[196, 372, 731, 718]",under
470.jpg,470,person,jacket,"[124, 117, 381, 523]","[116, 48, 523, 398]",under
471.jpg,471,person,jacket,"[133, 138, 409, 777]","[98, 106, 415, 380]",under
472.jpg,472,person,jacket,"[52, 180, 308, 800]","[1, 1, 510, 800]",under
473.jpg,473,person,jacket,"[145, 224, 292, 591]","[132, 34, 532, 385]",under
474.jpg,474,person,jacket,"[122, 21, 421, 822]","[26, 10, 403, 346]",under
475.jpg,475,person,jacket,"[47, 28, 311, 420]","[13, 17, 564, 420]",under
476.jpg,476,person,jacket,"[145, 82, 318, 436]","[106, 44, 357, 309]",under
477.jpg,477,person,jacket,"[195, 68, 329, 226]","[192, 57, 339, 167]",under
478.jpg,478,person,table,"[149, 271, 699, 761]","[27, 237, 922, 797]",under
479.jpg,479,person,table,"[178, 362, 736, 773]","[2, 3, 768, 1021]",under
480.jpg,480,person,table,"[62, 92, 234, 291]","[41, 45, 429, 305]",under
481.jpg,481,person,table,"[271, 450, 937, 1199]","[1, 302, 1258, 1200]",under
482.jpg,482,person,table,"[183, 135, 253, 210]","[118, 56, 348, 210]",under
483.jpg,483,person,table,"[616, 490, 1742, 1240]","[1, 277, 1992, 1166]",under
484.jpg,484,person,table,"[1, 346, 706, 946]","[1, 101, 1012, 948]",under
485.jpg,485,person,table,"[78, 67, 200, 229]","[28, 21, 206, 64]",under
486.jpg,486,person,table,"[6, 557, 811, 939]","[107, 2, 1600, 1196]",under
487.jpg,487,person,table,"[1, 125, 336, 321]","[44, 1, 600, 259]",under
488.jpg,488,person,cone,"[4, 154, 33, 289]","[6, 153, 34, 288]",wear
489.jpg,489,person,cone,"[88, 235, 333, 579]","[69, 212, 365, 453]",wear
490.jpg,490,person,cone,"[109, 101, 357, 546]","[124, 7, 344, 583]",wear
491.jpg,491,person,cone,"[136, 138, 251, 367]","[9, 104, 175, 232]",wear
492.jpg,492,person,cone,"[96, 51, 197, 249]","[97, 5, 220, 265]",wear
493.jpg,493,person,cone,"[270, 71, 353, 357]","[232, 97, 384, 260]",wear
494.jpg,494,cat,person,"[42, 8, 223, 282]","[1, 116, 265, 300]",on the top of
495.jpg,495,cat,person,"[93, 99, 660, 618]","[89, 188, 660, 799]",on the top of
496.jpg,496,cat,person,"[1, 26, 605, 552]","[1, 182, 603, 560]",on the top of
497.jpg,497,tree,car,"[33, 11, 211, 120]","[1, 99, 259, 194]",on the top of
498.jpg,498,tree,car,"[71, 8, 1014, 407]","[1, 347, 1346, 726]",on the top of
499.jpg,499,tree,car,"[1, 99, 838, 474]","[1, 432, 838, 628]",on the top of
500.jpg,500,tree,car,"[403, 273, 822, 366]","[183, 360, 914, 568]",on the top of
501.jpg,501,tree,car,"[39, 17, 174, 76]","[29, 68, 255, 160]",on the top of
502.jpg,502,tree,car,"[28, 13, 533, 245]","[5, 147, 434, 307]",on the top of
503.jpg,503,tree,car,"[89, 17, 280, 104]","[2, 69, 242, 169]",on the top of
504.jpg,504,tree,car,"[253, 312, 555, 473]","[128, 415, 568, 690]",on the top of
505.jpg,505,tree,car,"[143, 41, 270, 81]","[50, 77, 275, 183]",on the top of
506.jpg,506,tree,car,"[13, 96, 990, 614]","[334, 440, 1196, 716]",on the top of
507.jpg,507,person,car,"[385, 139, 504, 313]","[272, 352, 796, 676]",above
508.jpg,508,person,car,"[125, 227, 299, 466]","[43, 323, 634, 795]",on the top of
509.jpg,509,person,plane,"[66, 7, 605, 426]","[7, 179, 637, 411]",hold
510.jpg,510,person,plane,"[429, 200, 693, 767]","[110, 322, 888, 576]",hold
511.jpg,511,person,plane,"[566, 34, 1173, 1228]","[248, 185, 1172, 1187]",hold
512.jpg,512,person,plane,"[66, 55, 229, 300]","[131, 125, 273, 200]",hold
513.jpg,513,person,plane,"[262, 8, 784, 600]","[148, 222, 505, 469]",hold
514.jpg,514,person,plane,"[1, 1, 449, 540]","[167, 135, 810, 271]",hold
515.jpg,515,person,plane,"[51, 5, 514, 441]","[336, 277, 852, 463]",hold
516.jpg,516,person,plane,"[84, 81, 370, 480]","[150, 166, 227, 198]",hold
517.jpg,517,person,plane,"[693, 86, 1413, 1536]","[433, 924, 1403, 1246]",hold
518.jpg,518,person,plane,"[540, 486, 835, 1357]","[128, 652, 682, 1133]",hold
519.jpg,519,person,car,"[122, 16, 228, 121]","[64, 119, 243, 243]",on the top of
520.jpg,520,person,plane,"[100, 56, 224, 319]","[111, 144, 299, 244]",hold
521.jpg,521,person,box,"[92, 74, 302, 199]","[35, 26, 360, 250]",inside
522.jpg,522,person,box,"[73, 16, 219, 121]","[25, 33, 307, 237]",inside
523.jpg,523,person,box,"[121, 29, 669, 387]","[1, 132, 926, 630]",inside
524.jpg,524,person,box,"[267, 134, 387, 211]","[63, 71, 611, 427]",inside
525.jpg,525,person,box,"[30, 77, 169, 285]","[12, 17, 191, 288]",inside
526.jpg,526,person,box,"[103, 80, 143, 119]","[1, 10, 244, 174]",inside
527.jpg,527,person,box,"[23, 127, 164, 189]","[88, 57, 195, 154]",inside
528.jpg,528,person,box,"[243, 38, 581, 302]","[258, 185, 611, 410]",inside
529.jpg,529,person,box,"[216, 54, 731, 613]","[1, 1, 1280, 850]",inside
530.jpg,530,person,car,"[62, 140, 248, 720]","[1, 630, 800, 1020]",on the top of
531.jpg,531,person,box,"[149, 356, 360, 588]","[25, 489, 493, 873]",inside
532.jpg,532,person,box,"[305, 124, 482, 360]","[1, 227, 666, 525]",inside
533.jpg,533,person,box,"[416, 149, 689, 399]","[372, 341, 1452, 1162]",inside
534.jpg,534,person,box,"[68, 25, 108, 64]","[24, 33, 164, 114]",inside
535.jpg,535,person,box,"[360, 130, 679, 387]","[81, 342, 768, 627]",inside
536.jpg,536,person,box,"[123, 265, 187, 356]","[67, 1, 254, 272]",inside
537.jpg,537,person,box,"[661, 508, 2471, 1942]","[483, 1, 3247, 1933]",inside
538.jpg,538,person,box,"[205, 52, 380, 236]","[120, 119, 522, 477]",inside
539.jpg,539,person,box,"[4, 62, 568, 278]","[95, 260, 514, 384]",inside
540.jpg,540,person,box,"[644, 77, 992, 524]","[317, 1, 1200, 675]",inside
541.jpg,541,dog,car,"[214, 102, 260, 151]","[47, 149, 284, 252]",on the top of
542.jpg,542,person,box,"[199, 73, 277, 140]","[156, 117, 252, 206]",inside
543.jpg,543,person,box,"[133, 47, 227, 220]","[44, 35, 290, 224]",inside
544.jpg,544,person,box,"[31, 218, 393, 897]","[129, 308, 403, 687]",inside
545.jpg,545,person,plane,"[88, 47, 241, 175]","[81, 45, 123, 75]",hold
546.jpg,546,umbrella,dog,"[66, 10, 417, 399]","[181, 413, 349, 603]",cover
547.jpg,547,umbrella,dog,"[32, 1, 224, 172]","[53, 115, 150, 215]",cover
548.jpg,548,umbrella,dog,"[16, 15, 369, 337]","[138, 298, 372, 486]",cover
549.jpg,549,umbrella,dog,"[1, 1, 300, 237]","[112, 105, 264, 300]",cover
550.jpg,550,umbrella,dog,"[58, 1, 672, 308]","[324, 254, 591, 617]",cover
551.jpg,551,umbrella,dog,"[31, 6, 482, 462]","[98, 381, 433, 632]",cover
552.jpg,552,dog,car,"[284, 203, 490, 300]","[1, 297, 1024, 752]",on the top of
553.jpg,553,umbrella,dog,"[197, 18, 591, 329]","[341, 311, 580, 464]",cover
554.jpg,554,umbrella,dog,"[96, 1, 384, 310]","[144, 288, 384, 419]",cover
555.jpg,555,umbrella,dog,"[106, 85, 815, 735]","[306, 328, 838, 932]",cover
556.jpg,556,umbrella,dog,"[55, 1, 282, 149]","[61, 77, 267, 222]",cover
557.jpg,557,umbrella,dog,"[6, 174, 147, 275]","[60, 276, 104, 334]",cover
558.jpg,558,umbrella,dog,"[88, 1, 1016, 548]","[354, 485, 801, 966]",cover
559.jpg,559,umbrella,dog,"[58, 1, 402, 344]","[69, 102, 398, 387]",cover
560.jpg,560,umbrella,dog,"[445, 23, 1516, 629]","[531, 678, 1227, 1334]",cover
561.jpg,561,umbrella,dog,"[1, 1, 273, 99]","[113, 79, 196, 209]",cover
562.jpg,562,umbrella,dog,"[1, 1, 615, 439]","[20, 119, 578, 501]",cover
563.jpg,563,dog,car,"[484, 148, 766, 315]","[126, 347, 1194, 710]",on the top of
564.jpg,564,dog,shoes,"[205, 35, 447, 543]","[209, 399, 427, 545]",wear
565.jpg,565,dog,shoes,"[28, 1, 472, 334]","[30, 159, 471, 333]",wear
566.jpg,566,dog,shoes,"[60, 3, 177, 160]","[39, 136, 197, 234]",wear
567.jpg,567,dog,shoes,"[62, 1, 214, 181]","[35, 134, 211, 236]",wear
568.jpg,568,dog,shoes,"[1, 29, 156, 223]","[23, 163, 103, 240]",wear
569.jpg,569,dog,shoes,"[565, 151, 1824, 2215]","[602, 1783, 1256, 2719]",wear
570.jpg,570,dog,shoes,"[26, 33, 188, 239]","[19, 179, 220, 270]",wear
571.jpg,571,dog,shoes,"[94, 75, 472, 448]","[24, 339, 549, 592]",wear
572.jpg,572,dog,shirt,"[94, 37, 397, 425]","[125, 108, 392, 347]",wear
574.jpg,574,car,car,"[607, 262, 1739, 745]","[58, 558, 1407, 1135]",on the top of
575.jpg,575,dog,shoes,"[143, 11, 461, 418]","[145, 293, 376, 418]",wear
576.jpg,576,dog,shoes,"[8, 22, 600, 543]","[115, 412, 576, 543]",wear
577.jpg,577,dog,shoes,"[179, 258, 859, 728]","[254, 561, 484, 740]",wear
578.jpg,578,dog,shoes,"[133, 40, 474, 330]","[141, 257, 539, 421]",wear
580.jpg,580,dog,person,"[126, 2, 192, 232]","[24, 85, 134, 219]",taller than
581.jpg,581,dog,person,"[1, 32, 274, 414]","[314, 90, 404, 445]",taller than
582.jpg,582,person,dog,"[329, 48, 433, 293]","[83, 91, 632, 405]",ride
585.jpg,585,dog,person,"[8, 22, 272, 467]","[112, 52, 292, 468]",taller than
586.jpg,586,dog,person,"[19, 17, 228, 364]","[164, 65, 234, 343]",taller than
587.jpg,587,dog,person,"[78, 16, 497, 690]","[60, 27, 339, 701]",taller than
588.jpg,588,dog,person,"[259, 2, 700, 487]","[173, 158, 263, 422]",taller than
589.jpg,589,dog,person,"[34, 52, 192, 298]","[57, 60, 123, 281]",taller than
590.jpg,590,car,car,"[56, 58, 130, 129]","[46, 124, 129, 201]",on the top of
591.jpg,591,dog,person,"[223, 103, 526, 672]","[551, 144, 822, 632]",taller than
592.jpg,592,dog,person,"[134, 216, 624, 610]","[608, 286, 746, 629]",taller than
593.jpg,593,dog,person,"[1, 9, 378, 579]","[282, 5, 386, 574]",taller than
594.jpg,594,dog,person,"[1, 15, 356, 716]","[167, 133, 609, 700]",taller than
595.jpg,595,dog,person,"[155, 106, 412, 675]","[5, 238, 164, 668]",taller than
596.jpg,596,dog,person,"[115, 149, 469, 654]","[364, 167, 480, 660]",taller than
597.jpg,597,dog,person,"[297, 16, 693, 690]","[111, 73, 363, 567]",taller than
598.jpg,598,dog,person,"[239, 37, 649, 394]","[203, 215, 420, 428]",taller than
599.jpg,599,person,dog,"[417, 32, 599, 647]","[303, 311, 746, 630]",ride
600.jpg,600,person,dog,"[271, 12, 428, 282]","[201, 150, 424, 410]",ride
601.jpg,601,car,car,"[27, 10, 254, 128]","[22, 99, 255, 185]",on the top of
602.jpg,602,dog,motorcycle,"[263, 12, 397, 282]","[129, 99, 493, 355]",ride
603.jpg,603,dog,person,"[340, 66, 556, 332]","[259, 118, 520, 487]",ride
604.jpg,604,dog,motorcycle,"[170, 34, 422, 371]","[83, 223, 493, 593]",ride
605.jpg,605,dog,motorcycle,"[294, 100, 630, 420]","[11, 212, 199, 420]",ride
606.jpg,606,dog,motorcycle,"[638, 167, 1177, 1080]","[342, 485, 1838, 1080]",ride
607.jpg,607,dog,motorcycle,"[732, 54, 1273, 1000]","[639, 379, 1336, 1000]",ride
608.jpg,608,dog,person,"[114, 103, 235, 297]","[160, 125, 287, 316]",ride
609.jpg,609,dog,motorcycle,"[392, 72, 667, 677]","[192, 548, 832, 1023]",ride
610.jpg,610,dog,motorcycle,"[337, 119, 617, 549]","[18, 101, 869, 640]",ride
611.jpg,611,dog,motorcycle,"[68, 1, 446, 522]","[1, 187, 499, 727]",ride
612.jpg,612,person,car,"[257, 34, 381, 201]","[123, 268, 578, 418]",above
613.jpg,613,car,car,"[70, 67, 700, 366]","[10, 215, 432, 458]",on the top of
614.jpg,614,dog,motorcycle,"[322, 181, 758, 397]","[119, 291, 942, 714]",ride
615.jpg,615,dog,motorcycle,"[181, 4, 361, 315]","[1, 59, 499, 452]",ride
616.jpg,616,dog,bike,"[92, 52, 254, 301]","[125, 165, 248, 411]",ride
617.jpg,617,dog,bike,"[237, 81, 371, 312]","[148, 169, 361, 406]",ride
618.jpg,618,dog,bike,"[152, 90, 471, 425]","[1, 129, 600, 450]",ride
619.jpg,619,dog,bike,"[122, 41, 282, 267]","[99, 105, 340, 361]",ride
620.jpg,620,dog,bike,"[383, 123, 532, 418]","[383, 282, 576, 427]",ride
621.jpg,621,dog,bike,"[100, 80, 298, 273]","[104, 153, 315, 339]",ride
622.jpg,622,bike,person,"[48, 1, 461, 309]","[147, 79, 323, 640]",above
623.jpg,623,bike,person,"[19, 52, 199, 162]","[79, 92, 131, 226]",above
624.jpg,624,person,car,"[586, 344, 1106, 1264]","[566, 1284, 1886, 2434]",on the top of
625.jpg,625,bike,person,"[34, 1, 225, 104]","[110, 64, 189, 238]",above
626.jpg,626,bike,person,"[79, 9, 320, 173]","[135, 106, 231, 398]",above
627.jpg,627,person,bike,"[295, 191, 869, 536]","[282, 522, 680, 710]",above
628.jpg,628,person,bike,"[512, 104, 823, 511]","[532, 278, 818, 745]",above
629.jpg,629,bike,person,"[108, 133, 152, 159]","[117, 159, 139, 220]",above
630.jpg,630,bike,person,"[4, 117, 417, 338]","[175, 225, 355, 754]",above
631.jpg,631,person,bike,"[313, 47, 480, 181]","[218, 108, 398, 264]",above
632.jpg,632,person,bike,"[206, 1, 376, 144]","[67, 82, 304, 297]",above
633.jpg,633,person,bike,"[703, 85, 811, 155]","[698, 149, 771, 250]",above
634.jpg,634,person,bike,"[156, 75, 581, 384]","[247, 225, 485, 605]",above
635.jpg,635,person,car,"[437, 88, 563, 226]","[350, 224, 694, 518]",on the top of
636.jpg,636,person,bike,"[671, 22, 1193, 379]","[910, 512, 1228, 896]",above
637.jpg,637,bike,person,"[180, 30, 273, 136]","[75, 67, 229, 248]",above
638.jpg,638,person,bike,"[182, 34, 277, 140]","[189, 89, 396, 255]",above
639.jpg,639,person,bike,"[245, 88, 299, 159]","[253, 159, 315, 205]",above
640.jpg,640,bike,person,"[150, 72, 215, 122]","[150, 115, 213, 166]",above
641.jpg,641,bike,person,"[145, 11, 199, 83]","[22, 261, 41, 282]",above
642.jpg,642,person,bike,"[470, 76, 635, 200]","[578, 157, 698, 268]",above
643.jpg,643,bike,person,"[407, 75, 777, 360]","[534, 206, 813, 560]",above
644.jpg,644,bike,person,"[811, 195, 1414, 588]","[1011, 277, 1268, 853]",above
645.jpg,645,bike,person,"[771, 108, 1337, 568]","[984, 402, 1381, 998]",above
646.jpg,646,person,car,"[94, 121, 433, 617]","[152, 443, 774, 925]",on the top of
647.jpg,647,bike,person,"[132, 68, 341, 190]","[129, 94, 270, 273]",above
648.jpg,648,building,wheel,"[24, 1, 254, 230]","[67, 152, 156, 230]",has
649.jpg,649,building,wheel,"[44, 7, 532, 411]","[296, 172, 476, 332]",has
650.jpg,650,building,wheel,"[83, 28, 454, 364]","[298, 219, 446, 364]",has
651.jpg,651,car,road,"[1332, 560, 2694, 1748]","[1, 2075, 3500, 2394]",above
652.jpg,652,car,road,"[42, 12, 143, 54]","[1, 174, 207, 243]",above
653.jpg,653,car,road,"[445, 265, 1347, 592]","[1, 692, 1905, 1080]",above
654.jpg,654,car,road,"[212, 188, 306, 237]","[2, 325, 325, 401]",above
655.jpg,655,car,road,"[195, 67, 575, 304]","[1, 312, 640, 403]",above
656.jpg,656,car,road,"[270, 132, 572, 364]","[97, 369, 920, 613]",above
657.jpg,657,person,train,"[145, 60, 190, 143]","[62, 138, 436, 410]",ride
658.jpg,658,car,road,"[574, 338, 981, 605]","[11, 613, 1280, 850]",above
659.jpg,659,car,road,"[225, 7, 401, 141]","[213, 214, 477, 368]",above
660.jpg,660,car,bus,"[109, 57, 219, 89]","[1, 73, 233, 183]",on the top of
661.jpg,661,person,car,"[1, 134, 141, 510]","[22, 239, 144, 327]",hold
662.jpg,662,person,car,"[33, 41, 159, 211]","[81, 162, 187, 258]",hold
663.jpg,663,person,car,"[10, 75, 219, 443]","[119, 271, 172, 297]",hold
664.jpg,664,person,train,"[115, 123, 623, 993]","[243, 667, 655, 1143]",ride
665.jpg,665,person,train,"[34, 102, 199, 338]","[62, 192, 180, 393]",ride
666.jpg,666,person,train,"[67, 27, 118, 113]","[16, 76, 193, 126]",ride
667.jpg,667,person,train,"[8, 45, 32, 121]","[1, 90, 250, 165]",ride
668.jpg,668,person,car,"[144, 84, 235, 290]","[1, 285, 301, 597]",on the top of
669.jpg,669,person,train,"[282, 117, 397, 365]","[1, 237, 610, 401]",ride
670.jpg,670,person,train,"[189, 183, 276, 304]","[12, 265, 773, 364]",ride
671.jpg,671,person,train,"[66, 351, 277, 802]","[79, 417, 1600, 953]",ride
672.jpg,672,person,train,"[37, 46, 95, 126]","[30, 97, 309, 204]",ride
673.jpg,673,person,train,"[51, 96, 112, 178]","[71, 187, 169, 338]",ride
674.jpg,674,person,train,"[282, 238, 487, 488]","[61, 362, 933, 521]",ride
675.jpg,675,person,train,"[133, 70, 288, 323]","[71, 181, 475, 395]",ride
676.jpg,676,person,train,"[330, 118, 465, 362]","[80, 248, 636, 371]",ride
677.jpg,677,person,train,"[9, 44, 69, 115]","[17, 104, 392, 245]",ride
678.jpg,678,person,train,"[168, 1, 367, 234]","[193, 36, 353, 309]",ride
679.jpg,679,car,car,"[62, 51, 469, 243]","[234, 117, 538, 253]",on the top of
680.jpg,680,person,train,"[182, 61, 300, 233]","[18, 151, 479, 260]",ride
681.jpg,681,car,elephant,"[76, 410, 323, 611]","[1, 147, 297, 616]",under
682.jpg,682,car,elephant,"[140, 168, 362, 347]","[200, 1, 473, 348]",under
684.jpg,684,car,elephant,"[84, 365, 375, 506]","[36, 25, 454, 367]",under
685.jpg,685,car,elephant,"[77, 290, 562, 441]","[168, 27, 639, 352]",under
686.jpg,686,cat,dog,"[26, 58, 469, 693]","[1, 257, 383, 700]",on the top of
687.jpg,687,cat,dog,"[2, 17, 444, 199]","[1, 132, 486, 363]",on the top of
688.jpg,688,cat,dog,"[211, 71, 462, 213]","[1, 29, 640, 364]",on the top of
689.jpg,689,cat,dog,"[181, 26, 400, 243]","[1, 105, 676, 525]",on the top of
690.jpg,690,car,car,"[221, 185, 532, 359]","[124, 322, 521, 497]",on the top of
691.jpg,691,cat,dog,"[189, 1, 666, 444]","[1, 212, 761, 531]",on the top of
692.jpg,692,cat,dog,"[207, 78, 482, 222]","[187, 204, 494, 346]",on the top of
693.jpg,693,cat,dog,"[79, 14, 458, 256]","[77, 81, 548, 321]",on the top of
694.jpg,694,cat,dog,"[172, 20, 451, 159]","[1, 115, 863, 489]",on the top of
695.jpg,695,cat,dog,"[62, 26, 628, 376]","[21, 226, 835, 469]",on the top of
696.jpg,696,cat,dog,"[36, 9, 147, 94]","[4, 21, 365, 240]",on the top of
697.jpg,697,cat,dog,"[114, 94, 421, 359]","[5, 115, 738, 470]",on the top of
698.jpg,698,cat,dog,"[61, 25, 122, 123]","[64, 58, 105, 167]",on the top of
699.jpg,699,cat,dog,"[129, 6, 309, 195]","[30, 131, 476, 402]",on the top of
700.jpg,700,cat,dog,"[289, 130, 539, 336]","[202, 244, 636, 566]",on the top of
701.jpg,701,car,car,"[270, 696, 3017, 2381]","[1113, 1677, 3236, 2405]",on the top of
702.jpg,702,cat,dog,"[173, 1, 316, 134]","[1, 99, 360, 268]",on the top of
703.jpg,703,cat,dog,"[581, 129, 772, 424]","[298, 140, 987, 901]",on the top of
704.jpg,704,dog,car,"[185, 174, 332, 464]","[44, 385, 416, 788]",drive
705.jpg,705,cat,dog,"[257, 383, 567, 607]","[68, 390, 640, 837]",on the top of
706.jpg,706,cat,skateboard,"[1398, 1, 3000, 1296]","[1817, 955, 3000, 1688]",ride
707.jpg,707,cat,skateboard,"[273, 30, 1289, 848]","[39, 342, 1161, 1004]",ride
708.jpg,708,cat,skateboard,"[283, 58, 438, 282]","[208, 204, 449, 349]",ride
709.jpg,709,cat,skateboard,"[365, 232, 559, 442]","[258, 377, 524, 518]",ride
710.jpg,710,cat,skateboard,"[135, 21, 462, 315]","[125, 271, 527, 366]",ride
711.jpg,711,cat,skateboard,"[15, 1, 295, 191]","[27, 73, 252, 240]",ride
712.jpg,712,car,car,"[198, 94, 520, 279]","[3, 192, 358, 325]",on the top of
713.jpg,713,cat,skateboard,"[86, 51, 373, 316]","[1, 206, 406, 320]",ride
714.jpg,714,cat,skateboard,"[158, 22, 400, 269]","[134, 224, 416, 316]",ride
721.jpg,721,cat,tie,"[1, 5, 173, 264]","[53, 98, 129, 237]",wear
722.jpg,722,cat,tie,"[1, 90, 360, 640]","[146, 290, 320, 575]",wear
723.jpg,723,person,car,"[215, 43, 315, 225]","[108, 224, 488, 410]",on the top of
724.jpg,724,car,car,"[187, 154, 396, 344]","[187, 301, 402, 462]",on the top of
725.jpg,725,cat,tie,"[6, 19, 162, 211]","[48, 103, 115, 296]",wear
726.jpg,726,cat,tie,"[20, 137, 620, 1068]","[463, 464, 559, 727]",wear
729.jpg,729,dog,car,"[128, 79, 428, 315]","[1, 45, 480, 314]",drive
730.jpg,730,dog,car,"[267, 77, 449, 336]","[1, 1, 640, 359]",drive
731.jpg,731,dog,car,"[595, 120, 1444, 1079]","[1, 1, 1920, 1080]",drive
733.jpg,733,dog,car,"[1085, 525, 1505, 878]","[1, 196, 1920, 1200]",drive
734.jpg,734,dog,car,"[257, 104, 593, 605]","[1, 1, 1023, 772]",drive
735.jpg,735,car,car,"[74, 34, 460, 271]","[146, 186, 476, 304]",on the top of
736.jpg,736,dog,car,"[350, 371, 650, 715]","[1, 577, 892, 1083]",drive
737.jpg,737,dog,car,"[694, 120, 1060, 555]","[136, 292, 1478, 937]",drive
738.jpg,738,dog,car,"[120, 96, 500, 491]","[1, 116, 500, 491]",drive
739.jpg,739,dog,car,"[43, 154, 390, 454]","[1, 1, 500, 455]",drive
740.jpg,740,dog,shirt,"[237, 116, 364, 299]","[243, 194, 348, 277]",wear
741.jpg,741,dog,car,"[100, 63, 375, 733]","[1, 1, 544, 733]",drive
742.jpg,742,dog,refrigerator,"[109, 91, 512, 445]","[1, 1, 639, 510]",in
743.jpg,743,dog,refrigerator,"[128, 695, 847, 1448]","[1, 1, 1536, 2056]",in
744.jpg,744,dog,refrigerator,"[130, 170, 273, 405]","[1, 44, 500, 626]",in
745.jpg,745,dog,refrigerator,"[143, 127, 385, 242]","[99, 1, 499, 353]",in
747.jpg,747,dog,refrigerator,"[235, 277, 1255, 888]","[1, 1, 1419, 1200]",in
748.jpg,748,dog,refrigerator,"[317, 500, 451, 646]","[1, 1, 720, 815]",in
749.jpg,749,dog,refrigerator,"[138, 173, 574, 433]","[1, 1, 714, 496]",in
750.jpg,750,dog,dog,"[15, 4, 103, 157]","[1, 8, 277, 173]",ride
751.jpg,751,dog,dog,"[328, 171, 673, 373]","[144, 217, 793, 516]",ride
752.jpg,752,dog,person,"[164, 10, 300, 203]","[138, 77, 332, 367]",ride
753.jpg,753,dog,person,"[325, 36, 497, 252]","[304, 60, 440, 315]",ride
754.jpg,754,dog,dog,"[185, 155, 490, 297]","[143, 185, 570, 486]",ride
755.jpg,755,dog,person,"[110, 32, 501, 504]","[60, 159, 386, 761]",ride
756.jpg,756,dog,person,"[14, 229, 441, 826]","[1, 225, 415, 899]",ride
758.jpg,758,dog,person,"[981, 573, 1528, 1379]","[1008, 637, 1569, 1834]",ride
759.jpg,759,dog,dog,"[153, 107, 406, 504]","[37, 375, 415, 589]",ride
760.jpg,760,dog,person,"[501, 100, 1284, 1007]","[455, 516, 1231, 1194]",ride
761.jpg,761,dog,person,"[88, 103, 621, 930]","[1, 335, 563, 960]",ride
762.jpg,762,dog,person,"[175, 48, 369, 464]","[67, 38, 388, 611]",ride
763.jpg,763,dog,dog,"[40, 225, 407, 640]","[1, 307, 680, 844]",ride
764.jpg,764,dog,person,"[214, 124, 388, 264]","[262, 219, 356, 528]",ride
765.jpg,765,dog,person,"[276, 169, 550, 637]","[345, 237, 602, 667]",ride
766.jpg,766,dog,person,"[191, 197, 640, 441]","[108, 265, 640, 640]",ride
767.jpg,767,dog,person,"[76, 8, 494, 325]","[58, 125, 640, 480]",ride
768.jpg,768,dog,car,"[123, 91, 224, 281]","[1, 194, 480, 360]",on the top of
770.jpg,770,dog,person,"[298, 71, 812, 611]","[314, 282, 801, 1186]",ride
771.jpg,771,dog,horse,"[399, 243, 503, 304]","[101, 138, 612, 336]",ride
772.jpg,772,dog,horse,"[70, 52, 152, 241]","[16, 45, 454, 352]",ride
773.jpg,773,dog,horse,"[275, 12, 491, 357]","[56, 40, 570, 960]",ride
774.jpg,774,dog,horse,"[219, 1, 420, 540]","[93, 357, 438, 600]",ride
775.jpg,775,dog,dog,"[222, 5, 374, 198]","[106, 85, 467, 401]",ride
776.jpg,776,dog,horse,"[491, 58, 658, 289]","[35, 166, 730, 544]",ride
777.jpg,777,dog,person,"[49, 24, 177, 183]","[86, 72, 198, 182]",ride
779.jpg,779,car,car,"[207, 348, 265, 381]","[203, 373, 263, 404]",on the top of
781.jpg,781,dog,person,"[1, 339, 532, 594]","[412, 19, 599, 502]",pull
782.jpg,782,dog,person,"[268, 214, 536, 363]","[42, 22, 209, 292]",pull
783.jpg,783,dog,person,"[646, 372, 905, 562]","[143, 86, 399, 529]",pull
784.jpg,784,dog,person,"[73, 180, 185, 259]","[217, 77, 329, 247]",pull
785.jpg,785,dog,person,"[24, 389, 191, 484]","[287, 48, 690, 484]",pull
786.jpg,786,dog,person,"[313, 273, 413, 347]","[70, 64, 246, 424]",pull
788.jpg,788,dog,person,"[37, 182, 137, 220]","[251, 81, 387, 223]",pull
789.jpg,789,dog,person,"[38, 203, 177, 298]","[402, 15, 570, 358]",pull
790.jpg,790,car,car,"[129, 60, 440, 241]","[89, 231, 213, 301]",on the top of
791.jpg,791,dog,person,"[302, 634, 1152, 1669]","[1652, 310, 2560, 1630]",pull
792.jpg,792,dog,person,"[453, 184, 778, 651]","[141, 75, 421, 564]",pull
793.jpg,793,cat,dog,"[4, 22, 537, 241]","[1, 160, 592, 435]",on the top of
794.jpg,794,dog,person,"[1, 57, 195, 300]","[1, 42, 140, 300]",rest on
795.jpg,795,dog,person,"[32, 63, 599, 443]","[130, 65, 405, 454]",rest on
796.jpg,796,dog,person,"[101, 62, 430, 342]","[212, 86, 450, 356]",rest on
797.jpg,797,dog,person,"[26, 98, 634, 541]","[303, 85, 604, 542]",rest on
798.jpg,798,dog,person,"[1, 224, 600, 686]","[1, 294, 598, 688]",rest on
799.jpg,799,dog,person,"[1, 232, 552, 621]","[42, 77, 633, 627]",rest on
800.jpg,800,dog,pants,"[42, 214, 1289, 1155]","[902, 320, 1287, 1151]",wear
801.jpg,801,car,roof,"[78, 38, 268, 137]","[1, 43, 225, 140]",on the top of
802.jpg,802,dog,pants,"[46, 6, 485, 483]","[308, 137, 419, 386]",wear
803.jpg,803,dog,pants,"[4, 17, 666, 464]","[4, 91, 394, 566]",wear
804.jpg,804,dog,pants,"[132, 97, 428, 383]","[135, 143, 347, 368]",wear
805.jpg,805,dog,pants,"[1, 38, 247, 295]","[103, 107, 237, 245]",wear
806.jpg,806,dog,shirt,"[120, 68, 441, 363]","[159, 88, 416, 327]",wear
807.jpg,807,dog,pants,"[190, 130, 607, 415]","[315, 203, 565, 388]",wear
808.jpg,808,dog,shirt,"[41, 53, 564, 324]","[113, 103, 365, 296]",wear
809.jpg,809,dog,hat,"[62, 136, 404, 480]","[7, 12, 378, 172]",wear
810.jpg,810,dog,hat,"[33, 76, 422, 665]","[48, 11, 235, 196]",wear
811.jpg,811,dog,hat,"[64, 157, 371, 568]","[38, 78, 271, 302]",wear
812.jpg,812,car,roof,"[455, 180, 647, 277]","[1, 235, 748, 387]",on the top of
813.jpg,813,dog,hat,"[1, 49, 158, 183]","[74, 2, 159, 65]",wear
814.jpg,814,dog,hat,"[40, 50, 285, 148]","[78, 29, 175, 92]",wear
815.jpg,815,dog,hat,"[7, 48, 279, 147]","[156, 21, 215, 72]",wear
816.jpg,816,umbrella,dog,"[87, 16, 347, 123]","[152, 73, 285, 285]",cover
817.jpg,817,dog,sunglasses,"[66, 37, 1200, 945]","[257, 183, 799, 604]",wear
818.jpg,818,dog,sunglasses,"[1066, 501, 2692, 2000]","[1224, 653, 2308, 1114]",wear
819.jpg,819,dog,sunglasses,"[1, 65, 600, 347]","[45, 98, 298, 203]",wear
820.jpg,820,dog,sunglasses,"[97, 5, 242, 183]","[113, 60, 202, 98]",wear
821.jpg,821,dog,sunglasses,"[147, 174, 431, 626]","[207, 191, 303, 219]",wear
822.jpg,822,dog,sunglasses,"[72, 188, 248, 545]","[86, 280, 198, 322]",wear
823.jpg,823,car,roof,"[95, 82, 182, 185]","[1, 144, 404, 250]",on the top of
824.jpg,824,dog,sunglasses,"[67, 135, 379, 403]","[97, 181, 199, 222]",wear
825.jpg,825,dog,sunglasses,"[184, 141, 300, 276]","[186, 151, 225, 167]",wear
826.jpg,826,dog,sunglasses,"[13, 95, 264, 208]","[223, 115, 256, 134]",wear
827.jpg,827,dog,motorcycle,"[91, 121, 338, 426]","[1, 150, 632, 426]",ride
828.jpg,828,dog,shirt,"[871, 328, 1600, 1602]","[937, 710, 1600, 1575]",wear
829.jpg,829,dog,tie,"[1, 70, 203, 314]","[113, 205, 156, 314]",wear
830.jpg,830,dog,tie,"[414, 1, 665, 324]","[549, 325, 660, 619]",wear
831.jpg,831,dog,shirt,"[115, 9, 327, 603]","[145, 159, 287, 537]",wear
832.jpg,832,dog,tie,"[75, 533, 433, 822]","[292, 666, 345, 783]",wear
834.jpg,834,person,car,"[529, 217, 605, 484]","[418, 476, 729, 756]",on the top of
835.jpg,835,car,roof,"[30, 49, 119, 110]","[1, 69, 179, 132]",on the top of
843.jpg,843,person,elephant,"[695, 62, 796, 416]","[94, 150, 305, 484]",taller than
846.jpg,846,car,tree,"[281, 452, 420, 553]","[1, 3, 620, 758]",in
848.jpg,848,elephant,bike,"[55, 30, 131, 123]","[36, 77, 119, 134]",ride
849.jpg,849,elephant,person,"[1, 31, 443, 332]","[231, 1, 634, 333]",sleep on
850.jpg,850,elephant,person,"[1, 46, 383, 540]","[1, 47, 720, 489]",sleep on
852.jpg,852,elephant,person,"[125, 181, 634, 437]","[1, 191, 634, 595]",sleep on
853.jpg,853,elephant,person,"[104, 189, 534, 422]","[185, 86, 499, 385]",sleep on
855.jpg,855,elephant,glasses,"[86, 25, 219, 240]","[67, 47, 187, 100]",wear
856.jpg,856,elephant,glasses,"[1, 1, 611, 355]","[238, 1, 604, 236]",wear
858.jpg,858,elephant,pants,"[49, 35, 390, 306]","[53, 52, 221, 293]",wear
859.jpg,859,elephant,pants,"[1, 1, 714, 732]","[1, 3, 308, 662]",wear
860.jpg,860,elephant,pants,"[653, 187, 1967, 1355]","[876, 576, 1943, 1259]",wear
861.jpg,861,elephant,pants,"[104, 20, 559, 490]","[306, 255, 417, 450]",wear
862.jpg,862,elephant,pants,"[416, 398, 1191, 998]","[545, 595, 1186, 965]",wear
863.jpg,863,elephant,hat,"[1, 38, 27, 102]","[13, 39, 27, 45]",wear
864.jpg,864,elephant,hat,"[110, 55, 548, 647]","[233, 55, 464, 210]",wear
865.jpg,865,elephant,hat,"[42, 1, 489, 573]","[142, 1, 359, 103]",wear
866.jpg,866,elephant,hat,"[1, 127, 649, 960]","[146, 1, 430, 269]",wear
867.jpg,867,elephant,hat,"[1, 76, 255, 270]","[90, 31, 226, 105]",wear
869.jpg,869,elephant,hat,"[1, 269, 578, 859]","[19, 28, 593, 269]",wear
870.jpg,870,horse,sofa,"[608, 371, 876, 947]","[426, 453, 1576, 921]",on
871.jpg,871,horse,sofa,"[1, 68, 303, 221]","[1, 1, 363, 222]",on
872.jpg,872,horse,sofa,"[174, 133, 736, 329]","[1, 1, 736, 414]",on
873.jpg,873,horse,sofa,"[176, 226, 477, 375]","[54, 167, 478, 532]",on
874.jpg,874,horse,sofa,"[135, 80, 472, 236]","[1, 8, 500, 333]",on
875.jpg,875,horse,sofa,"[150, 119, 343, 227]","[1, 65, 480, 320]",on
876.jpg,876,horse,sofa,"[165, 89, 387, 259]","[103, 168, 377, 340]",on
877.jpg,877,dog,horse,"[211, 32, 292, 91]","[112, 30, 373, 227]",ride
879.jpg,879,tree,car,"[1, 7, 524, 364]","[269, 271, 516, 375]",on the top of
880.jpg,880,cone,person,"[122, 32, 199, 208]","[61, 189, 201, 592]",on the top of
881.jpg,881,person,horse,"[806, 154, 1094, 594]","[602, 200, 1275, 918]",stand on
882.jpg,882,cone,person,"[43, 18, 76, 62]","[8, 44, 235, 354]",on the top of
883.jpg,883,cone,horse,"[82, 264, 327, 517]","[227, 400, 799, 1488]",on the top of
884.jpg,884,suitcase,person,"[157, 62, 620, 262]","[293, 259, 628, 1200]",on the top of
885.jpg,885,suitcase,person,"[55, 47, 122, 74]","[49, 66, 114, 267]",on the top of
886.jpg,886,suitcase,person,"[525, 43, 1563, 814]","[402, 500, 1820, 3072]",on the top of
887.jpg,887,suitcase,person,"[91, 16, 236, 86]","[78, 82, 247, 350]",on the top of
888.jpg,888,suitcase,person,"[125, 96, 297, 146]","[78, 126, 310, 400]",on the top of
889.jpg,889,suitcase,person,"[1061, 198, 1906, 628]","[1039, 282, 1770, 1872]",on the top of
891.jpg,891,suitcase,person,"[124, 1, 200, 36]","[114, 29, 204, 250]",on the top of
892.jpg,892,suitcase,person,"[171, 1, 269, 122]","[116, 106, 292, 276]",on the top of
893.jpg,893,suitcase,person,"[34, 50, 152, 117]","[47, 93, 158, 279]",on the top of
894.jpg,894,suitcase,person,"[115, 1, 265, 109]","[81, 1, 309, 346]",on the top of
895.jpg,895,suitcase,person,"[216, 1, 422, 99]","[134, 59, 453, 350]",on the top of
896.jpg,896,suitcase,person,"[883, 110, 1072, 274]","[825, 156, 1118, 720]",on the top of
897.jpg,897,suitcase,person,"[97, 13, 243, 74]","[121, 38, 250, 196]",on the top of
898.jpg,898,suitcase,person,"[112, 1, 321, 149]","[13, 1, 369, 384]",on the top of
900.jpg,900,person,chair,"[98, 41, 192, 240]","[97, 89, 216, 201]",carry
901.jpg,901,car,tree,"[227, 132, 326, 174]","[120, 70, 398, 283]",in
902.jpg,902,person,chair,"[21, 37, 63, 141]","[22, 23, 173, 142]",carry
903.jpg,903,person,chair,"[15, 41, 333, 473]","[28, 13, 453, 474]",carry
904.jpg,904,person,chair,"[259, 263, 882, 1388]","[90, 128, 790, 697]",carry
905.jpg,905,person,chair,"[27, 1, 158, 176]","[27, 20, 179, 193]",carry
906.jpg,906,person,chair,"[24, 39, 117, 202]","[12, 70, 130, 208]",carry
907.jpg,907,person,chair,"[58, 80, 223, 348]","[61, 18, 249, 274]",carry
908.jpg,908,person,chair,"[708, 281, 1184, 1467]","[413, 700, 941, 1348]",carry
909.jpg,909,person,chair,"[386, 39, 758, 1221]","[138, 426, 578, 1182]",carry
910.jpg,910,person,chair,"[134, 65, 517, 761]","[297, 23, 609, 499]",carry
911.jpg,911,person,chair,"[238, 53, 502, 480]","[132, 91, 510, 479]",carry
912.jpg,912,car,building,"[157, 254, 863, 549]","[572, 1, 1200, 674]",in
913.jpg,913,person,chair,"[73, 126, 172, 374]","[58, 42, 158, 153]",carry
914.jpg,914,person,chair,"[349, 66, 449, 306]","[307, 91, 433, 178]",carry
915.jpg,915,person,chair,"[545, 162, 703, 570]","[451, 270, 620, 430]",carry
916.jpg,916,person,chair,"[288, 36, 380, 284]","[280, 109, 447, 261]",carry
917.jpg,917,person,chair,"[20, 69, 156, 276]","[62, 22, 168, 165]",carry
918.jpg,918,person,chair,"[147, 50, 489, 906]","[207, 116, 561, 652]",carry
919.jpg,919,person,chair,"[124, 34, 362, 561]","[90, 1, 468, 357]",carry
920.jpg,920,person,chair,"[133, 251, 318, 618]","[102, 108, 267, 346]",carry
921.jpg,921,person,chair,"[295, 75, 445, 430]","[191, 101, 357, 375]",carry
922.jpg,922,person,chair,"[101, 60, 322, 462]","[180, 70, 363, 363]",carry
923.jpg,923,car,building,"[350, 589, 819, 835]","[1, 103, 1023, 898]",in
924.jpg,924,chair,person,"[450, 122, 1172, 1063]","[711, 246, 897, 565]",taller than
925.jpg,925,person,chair,"[451, 874, 1366, 3264]","[686, 1114, 2366, 3149]",carry
926.jpg,926,person,chair,"[1887, 746, 2602, 2071]","[2023, 60, 2430, 460]",carry
927.jpg,927,person,chair,"[622, 206, 909, 753]","[515, 256, 788, 644]",carry
928.jpg,928,person,chair,"[26, 116, 156, 333]","[37, 188, 207, 332]",carry
929.jpg,929,person,chair,"[180, 157, 348, 450]","[188, 34, 348, 219]",carry
930.jpg,930,dog,tree,"[251, 277, 379, 608]","[1, 1, 640, 854]",in
931.jpg,931,dog,tree,"[472, 373, 530, 440]","[1, 1, 791, 720]",in
932.jpg,932,dog,tree,"[187, 62, 325, 202]","[1, 1, 450, 304]",in
933.jpg,933,dog,tree,"[334, 324, 547, 579]","[1, 1, 777, 1029]",in
934.jpg,934,car,building,"[82, 81, 174, 139]","[1, 1, 260, 185]",in
935.jpg,935,dog,tree,"[906, 452, 1274, 1166]","[1, 1, 2047, 1536]",in
936.jpg,936,dog,tree,"[176, 118, 274, 185]","[1, 1, 533, 400]",in
937.jpg,937,dog,tree,"[135, 148, 335, 349]","[1, 1, 499, 375]",in
938.jpg,938,dog,tree,"[480, 167, 580, 292]","[1, 1, 1224, 720]",in
939.jpg,939,dog,tree,"[93, 99, 130, 133]","[29, 1, 194, 259]",in
940.jpg,940,dog,tree,"[121, 53, 178, 176]","[39, 1, 300, 210]",in
941.jpg,941,dog,tree,"[1535, 1012, 2074, 1673]","[1, 1, 2816, 2112]",in
942.jpg,942,dog,tree,"[135, 116, 216, 310]","[48, 1, 332, 500]",in
943.jpg,943,dog,tree,"[74, 71, 120, 178]","[1, 1, 236, 314]",in
944.jpg,944,dog,tree,"[52, 60, 425, 237]","[1, 1, 540, 360]",in
945.jpg,945,person,car,"[234, 58, 383, 274]","[13, 261, 549, 367]",on the top of
946.jpg,946,car,building,"[1400, 952, 2612, 1948]","[33, 1, 3888, 1677]",in
950.jpg,950,dog,tree,"[626, 439, 2441, 3029]","[1, 1, 2448, 3264]",in
951.jpg,951,dog,tree,"[305, 164, 364, 259]","[1, 74, 634, 256]",in
952.jpg,952,person,car,"[1, 29, 618, 322]","[126, 77, 363, 214]",hold
953.jpg,953,person,car,"[1, 185, 682, 1080]","[297, 545, 422, 590]",hold
954.jpg,954,person,car,"[55, 14, 464, 415]","[7, 231, 227, 354]",hold
955.jpg,955,person,car,"[1, 1, 328, 312]","[190, 147, 350, 224]",hold
956.jpg,956,person,car,"[135, 1, 864, 839]","[13, 393, 479, 740]",hold
957.jpg,957,car,building,"[1187, 1052, 2800, 1898]","[1, 1, 3888, 1531]",in
958.jpg,958,person,car,"[1, 1, 507, 299]","[180, 264, 288, 302]",hold
959.jpg,959,person,car,"[1, 5, 513, 607]","[364, 298, 502, 362]",hold
960.jpg,960,person,car,"[84, 14, 453, 365]","[99, 244, 349, 352]",hold
962.jpg,962,person,car,"[133, 157, 446, 509]","[295, 273, 360, 294]",hold
963.jpg,963,person,car,"[1, 56, 868, 720]","[751, 442, 847, 519]",hold
964.jpg,964,person,car,"[1171, 127, 1782, 1349]","[1152, 805, 1882, 1223]",hold
965.jpg,965,person,shoes,"[136, 212, 2452, 2580]","[44, 1108, 2476, 1500]",hold
966.jpg,966,person,shoes,"[302, 1, 408, 291]","[383, 119, 407, 174]",hold
967.jpg,967,person,shoes,"[397, 1, 673, 427]","[572, 86, 677, 267]",hold
968.jpg,968,car,building,"[170, 145, 412, 332]","[54, 90, 588, 432]",in
969.jpg,969,person,shoes,"[151, 74, 198, 192]","[184, 135, 202, 155]",hold
970.jpg,970,person,shoes,"[206, 18, 390, 390]","[221, 301, 296, 390]",hold
971.jpg,971,person,shoes,"[105, 13, 343, 315]","[244, 131, 346, 275]",hold
973.jpg,973,person,shoes,"[89, 27, 535, 955]","[469, 327, 564, 500]",hold
974.jpg,974,person,shoes,"[105, 1, 767, 977]","[397, 533, 688, 908]",hold
975.jpg,975,person,cart,"[1477, 1354, 3282, 2696]","[1240, 1448, 3356, 3440]",in
976.jpg,976,person,cart,"[292, 143, 581, 490]","[219, 236, 661, 689]",in
977.jpg,977,person,cart,"[185, 384, 425, 629]","[89, 459, 337, 735]",in
978.jpg,978,person,cart,"[403, 237, 839, 616]","[344, 277, 947, 720]",in
979.jpg,979,car,building,"[311, 95, 789, 346]","[1, 1, 937, 509]",in
980.jpg,980,person,cart,"[130, 117, 1140, 1142]","[1, 544, 1480, 1200]",in
981.jpg,981,person,cart,"[20, 9, 184, 140]","[44, 32, 192, 194]",in
982.jpg,982,person,cart,"[90, 382, 535, 1039]","[106, 489, 1248, 1200]",in
983.jpg,983,person,cart,"[35, 1, 540, 567]","[16, 160, 537, 602]",in
984.jpg,984,person,cart,"[203, 84, 422, 333]","[174, 153, 434, 431]",in
985.jpg,985,person,cart,"[235, 81, 966, 487]","[126, 106, 726, 682]",in
986.jpg,986,person,refrigerator,"[153, 54, 363, 307]","[128, 7, 504, 499]",in
987.jpg,987,person,refrigerator,"[48, 29, 161, 263]","[15, 1, 391, 300]",in
988.jpg,988,person,refrigerator,"[166, 105, 240, 276]","[115, 41, 327, 319]",in
989.jpg,989,person,refrigerator,"[162, 87, 278, 336]","[108, 1, 283, 360]",in
990.jpg,990,car,building,"[100, 65, 326, 227]","[1, 1, 298, 272]",in
991.jpg,991,person,refrigerator,"[915, 144, 1510, 1108]","[532, 1, 2007, 1131]",in
992.jpg,992,person,refrigerator,"[499, 413, 1024, 951]","[1, 1, 1600, 1200]",in
993.jpg,993,person,refrigerator,"[457, 650, 907, 2048]","[1, 1, 1536, 2048]",in
994.jpg,994,person,tree,"[577, 159, 725, 720]","[370, 1, 829, 718]",inside
995.jpg,995,person,tree,"[159, 351, 227, 566]","[1, 1, 476, 583]",inside
996.jpg,996,person,tree,"[1222, 21, 1851, 1289]","[194, 1, 3128, 2346]",inside
997.jpg,997,elephant,tree,"[307, 191, 498, 386]","[111, 1, 445, 424]",in
998.jpg,998,person,tree,"[112, 129, 313, 490]","[109, 1, 402, 640]",inside
999.jpg,999,person,tree,"[286, 237, 420, 352]","[1, 1, 652, 456]",inside
1000.jpg,1000,person,tree,"[990, 870, 1502, 1920]","[449, 1, 2013, 1920]",inside
1001.jpg,1001,car,building,"[537, 459, 1084, 960]","[2, 1, 1600, 1053]",in
1002.jpg,1002,person,car,"[1, 110, 77, 238]","[1, 230, 93, 318]",on the top of
1004.jpg,1004,person,giraffe,"[95, 314, 564, 1023]","[1, 337, 707, 1024]",ride
1005.jpg,1005,person,giraffe,"[138, 103, 217, 275]","[51, 48, 362, 374]",ride
1006.jpg,1006,person,giraffe,"[123, 211, 274, 626]","[91, 150, 413, 700]",ride
1007.jpg,1007,person,giraffe,"[176, 893, 410, 1296]","[213, 547, 942, 1591]",ride
1008.jpg,1008,person,giraffe,"[298, 126, 433, 434]","[82, 39, 437, 563]",ride
1009.jpg,1009,person,suitcase,"[299, 204, 377, 421]","[193, 237, 387, 478]",ride
1010.jpg,1010,person,suitcase,"[161, 270, 273, 456]","[167, 379, 269, 456]",ride
1011.jpg,1011,person,suitcase,"[255, 13, 467, 565]","[224, 280, 368, 600]",ride
1012.jpg,1012,car,building,"[208, 117, 358, 225]","[1, 1, 396, 244]",in
1013.jpg,1013,person,suitcase,"[190, 192, 380, 569]","[215, 113, 400, 444]",ride
1014.jpg,1014,person,suitcase,"[91, 144, 354, 725]","[224, 403, 369, 780]",ride
1015.jpg,1015,person,suitcase,"[515, 20, 780, 491]","[521, 303, 785, 518]",ride
1016.jpg,1016,person,building,"[709, 118, 862, 463]","[49, 177, 582, 532]",taller than
1017.jpg,1017,person,building,"[506, 87, 585, 380]","[13, 91, 384, 293]",taller than
1018.jpg,1018,person,building,"[272, 57, 403, 372]","[156, 353, 712, 563]",taller than
1019.jpg,1019,person,building,"[131, 35, 331, 525]","[1, 63, 800, 496]",taller than
1020.jpg,1020,person,building,"[21, 19, 406, 501]","[215, 56, 540, 439]",taller than
1021.jpg,1021,person,building,"[96, 22, 227, 257]","[1, 171, 156, 300]",taller than
1022.jpg,1022,person,building,"[284, 140, 404, 369]","[164, 236, 771, 550]",taller than
1023.jpg,1023,car,building,"[194, 78, 426, 276]","[164, 1, 620, 264]",in
1024.jpg,1024,person,building,"[78, 101, 180, 312]","[357, 151, 606, 433]",taller than
1025.jpg,1025,person,building,"[19, 64, 192, 439]","[211, 198, 310, 310]",taller than
1026.jpg,1026,person,building,"[146, 24, 261, 160]","[29, 57, 568, 336]",taller than
1027.jpg,1027,person,elephant,"[213, 13, 332, 336]","[149, 110, 237, 325]",taller than
1028.jpg,1028,person,elephant,"[57, 1, 480, 720]","[1, 24, 375, 720]",taller than
1029.jpg,1029,elephant,person,"[239, 112, 877, 671]","[65, 24, 882, 755]",sleep on
1030.jpg,1030,person,elephant,"[354, 69, 623, 713]","[45, 340, 483, 719]",taller than
1031.jpg,1031,elephant,person,"[221, 142, 547, 339]","[5, 263, 503, 560]",sleep on
1032.jpg,1032,person,elephant,"[127, 103, 230, 354]","[268, 213, 338, 359]",taller than
1033.jpg,1033,person,elephant,"[273, 130, 390, 373]","[4, 217, 281, 373]",taller than
1035.jpg,1035,person,jacket,"[166, 54, 510, 360]","[137, 21, 446, 279]",under
1036.jpg,1036,person,jacket,"[104, 43, 746, 480]","[156, 52, 771, 480]",under
1037.jpg,1037,person,jacket,"[336, 260, 895, 1700]","[290, 219, 885, 857]",under
1038.jpg,1038,person,jacket,"[356, 125, 628, 723]","[323, 57, 599, 219]",under
1039.jpg,1039,person,jacket,"[295, 40, 593, 600]","[298, 20, 659, 449]",under
1040.jpg,1040,person,jacket,"[231, 36, 434, 833]","[90, 19, 477, 404]",under
1041.jpg,1041,person,jacket,"[1, 1, 203, 339]","[1, 1, 455, 339]",under
1042.jpg,1042,person,jacket,"[97, 98, 376, 1331]","[50, 63, 411, 624]",under
1043.jpg,1043,person,jacket,"[41, 54, 130, 333]","[53, 15, 223, 174]",under
1044.jpg,1044,person,jacket,"[152, 28, 316, 267]","[135, 11, 329, 189]",under
1045.jpg,1045,car,building,"[1, 179, 206, 288]","[1, 1, 400, 299]",in
1046.jpg,1046,person,table,"[474, 331, 859, 506]","[422, 210, 943, 511]",under
1047.jpg,1047,person,table,"[1, 68, 1023, 582]","[265, 99, 881, 466]",under
1048.jpg,1048,person,table,"[72, 104, 451, 280]","[2, 72, 500, 313]",under
1049.jpg,1049,person,table,"[151, 187, 272, 312]","[1, 117, 425, 264]",under
1050.jpg,1050,person,table,"[250, 213, 518, 600]","[83, 20, 800, 600]",under
1051.jpg,1051,person,table,"[364, 378, 563, 531]","[164, 200, 657, 408]",under
1052.jpg,1052,person,table,"[1198, 871, 2281, 1747]","[1022, 564, 2322, 1971]",under
1053.jpg,1053,person,table,"[174, 230, 300, 422]","[109, 161, 472, 450]",under
1054.jpg,1054,person,table,"[241, 198, 379, 387]","[203, 173, 450, 347]",under
1055.jpg,1055,person,table,"[238, 255, 319, 337]","[180, 211, 387, 365]",under
1056.jpg,1056,person,car,"[418, 122, 626, 544]","[65, 400, 751, 642]",on the top of
1057.jpg,1057,car,building,"[348, 283, 581, 428]","[75, 1, 900, 426]",in
1058.jpg,1058,person,table,"[125, 63, 500, 500]","[31, 1, 500, 497]",under
1059.jpg,1059,person,table,"[138, 84, 250, 329]","[1, 1, 458, 375]",under
1060.jpg,1060,person,table,"[140, 114, 800, 600]","[50, 1, 800, 586]",under
1061.jpg,1061,person,table,"[249, 495, 847, 916]","[1, 235, 1253, 940]",under
1062.jpg,1062,person,table,"[27, 53, 96, 230]","[1, 22, 170, 259]",under
1063.jpg,1063,person,table,"[420, 312, 778, 832]","[62, 161, 1412, 827]",under
1064.jpg,1064,person,table,"[96, 163, 223, 257]","[17, 35, 460, 254]",under
1065.jpg,1065,person,table,"[57, 296, 324, 450]","[1, 154, 400, 572]",under
1066.jpg,1066,person,table,"[146, 123, 501, 405]","[86, 43, 572, 435]",under
1067.jpg,1067,cat,person,"[88, 37, 544, 761]","[1, 237, 605, 810]",on the top of
1068.jpg,1068,chair,person,"[1, 82, 375, 456]","[126, 182, 223, 324]",taller than
1069.jpg,1069,cat,person,"[135, 29, 400, 518]","[1, 157, 601, 774]",on the top of
1070.jpg,1070,cat,person,"[48, 27, 360, 502]","[1, 211, 470, 597]",on the top of
1071.jpg,1071,cat,person,"[36, 9, 350, 290]","[1, 116, 313, 500]",on the top of
1072.jpg,1072,cat,person,"[8, 7, 350, 304]","[1, 68, 407, 334]",on the top of
1073.jpg,1073,cat,person,"[47, 3, 1218, 627]","[583, 201, 1013, 720]",on the top of
1074.jpg,1074,cat,person,"[44, 13, 426, 540]","[64, 231, 499, 750]",on the top of
1075.jpg,1075,cat,person,"[257, 32, 533, 379]","[140, 282, 470, 818]",on the top of
1076.jpg,1076,cat,person,"[80, 54, 245, 195]","[1, 101, 317, 479]",on the top of
1078.jpg,1078,cat,person,"[339, 95, 751, 281]","[418, 276, 872, 865]",on the top of
1079.jpg,1079,chair,person,"[24, 47, 207, 326]","[87, 99, 132, 175]",taller than
1080.jpg,1080,truck,elephant,"[487, 134, 892, 638]","[553, 41, 780, 224]",carry
1081.jpg,1081,truck,elephant,"[21, 227, 1200, 640]","[208, 103, 637, 479]",carry
1082.jpg,1082,tree,car,"[443, 189, 771, 501]","[158, 339, 909, 614]",on the top of
1083.jpg,1083,tree,car,"[200, 3, 342, 225]","[25, 248, 595, 490]",on the top of
1084.jpg,1084,person,box,"[411, 98, 678, 312]","[158, 252, 892, 487]",inside
1085.jpg,1085,person,car,"[83, 38, 272, 480]","[52, 196, 256, 281]",hold
1086.jpg,1086,person,box,"[127, 243, 441, 527]","[78, 134, 371, 556]",inside
1087.jpg,1087,dog,shoes,"[475, 37, 1052, 726]","[300, 613, 1139, 933]",wear
1088.jpg,1088,bike,person,"[159, 27, 475, 232]","[231, 131, 402, 405]",above
1089.jpg,1089,building,wheel,"[1, 1, 304, 445]","[191, 234, 347, 419]",has
1090.jpg,1090,chair,person,"[1, 39, 838, 675]","[220, 139, 629, 485]",taller than
1091.jpg,1091,dog,sunglasses,"[246, 112, 360, 314]","[285, 150, 342, 173]",wear
1092.jpg,1092,cat,dog,"[142, 45, 285, 129]","[99, 93, 331, 220]",on the top of
1093.jpg,1093,cat,skateboard,"[224, 127, 450, 557]","[64, 507, 418, 665]",ride
1094.jpg,1094,dog,sunglasses,"[140, 3, 219, 146]","[152, 34, 184, 46]",wear
1095.jpg,1095,dog,tie,"[218, 183, 576, 460]","[512, 272, 549, 444]",wear
1096.jpg,1096,car,roof,"[188, 58, 568, 310]","[301, 33, 640, 359]",on the top of
1097.jpg,1097,dog,tree,"[170, 42, 393, 277]","[1, 1, 407, 372]",in
1098.jpg,1098,chair,person,"[12, 15, 217, 313]","[46, 102, 180, 199]",taller than
1099.jpg,1099,chair,person,"[247, 1, 1528, 2016]","[622, 481, 1144, 1447]",taller than
1100.jpg,1100,chair,person,"[5, 15, 314, 376]","[222, 287, 258, 375]",taller than
1101.jpg,1101,chair,person,"[235, 78, 688, 685]","[493, 500, 587, 709]",taller than
1102.jpg,1102,chair,person,"[158, 202, 690, 1195]","[276, 308, 749, 649]",taller than
1103.jpg,1103,chair,person,"[34, 85, 541, 963]","[164, 398, 261, 568]",taller than
1104.jpg,1104,person,car,"[373, 146, 587, 408]","[223, 383, 800, 600]",on the top of
1105.jpg,1105,chair,person,"[90, 164, 524, 759]","[222, 331, 365, 646]",taller than
1106.jpg,1106,chair,person,"[46, 43, 423, 288]","[211, 87, 292, 164]",taller than
1107.jpg,1107,chair,person,"[100, 95, 398, 533]","[221, 197, 304, 357]",taller than
1108.jpg,1108,chair,person,"[45, 27, 332, 479]","[151, 127, 201, 237]",taller than
1110.jpg,1110,person,table,"[306, 266, 318, 293]","[200, 146, 454, 305]",under
1111.jpg,1111,chair,person,"[298, 30, 596, 448]","[339, 30, 385, 141]",taller than
1112.jpg,1112,chair,person,"[28, 322, 648, 1041]","[235, 569, 598, 1009]",taller than
1113.jpg,1113,chair,person,"[277, 279, 800, 1200]","[175, 299, 464, 602]",taller than
1114.jpg,1114,chair,person,"[59, 28, 322, 362]","[149, 279, 207, 358]",taller than
1115.jpg,1115,person,car,"[160, 109, 314, 571]","[2, 571, 659, 990]",on the top of
1117.jpg,1117,elephant,tree,"[145, 27, 326, 240]","[1, 1, 468, 307]",in
1118.jpg,1118,elephant,tree,"[275, 118, 525, 370]","[1, 1, 620, 413]",in
1119.jpg,1119,person,plane,"[15, 61, 238, 240]","[176, 34, 286, 94]",hold
1120.jpg,1120,person,plane,"[440, 114, 852, 480]","[617, 61, 852, 227]",hold
1121.jpg,1121,person,plane,"[173, 204, 1256, 1062]","[800, 58, 1385, 408]",hold
1122.jpg,1122,person,plane,"[237, 74, 502, 583]","[247, 8, 381, 137]",hold
1123.jpg,1123,person,plane,"[502, 39, 1024, 680]","[442, 32, 634, 185]",hold
1124.jpg,1124,person,plane,"[58, 348, 358, 749]","[77, 276, 311, 398]",hold
1125.jpg,1125,person,plane,"[103, 6, 238, 299]","[48, 93, 276, 296]",hold
1126.jpg,1126,person,car,"[404, 72, 494, 153]","[300, 136, 567, 373]",on the top of
1127.jpg,1127,person,plane,"[46, 90, 332, 580]","[129, 247, 589, 419]",hold
1128.jpg,1128,person,plane,"[141, 160, 422, 470]","[99, 111, 243, 171]",hold
1129.jpg,1129,person,plane,"[10, 19, 184, 337]","[20, 134, 152, 300]",hold
1130.jpg,1130,person,plane,"[24, 77, 426, 600]","[288, 52, 433, 135]",hold
1131.jpg,1131,person,plane,"[161, 206, 205, 363]","[49, 18, 261, 358]",hold
1132.jpg,1132,person,plane,"[349, 37, 471, 309]","[30, 107, 593, 266]",hold
1133.jpg,1133,person,plane,"[308, 117, 418, 223]","[148, 194, 582, 350]",hold
1134.jpg,1134,person,plane,"[114, 104, 227, 465]","[1, 66, 180, 117]",hold
1135.jpg,1135,person,plane,"[1015, 275, 2334, 2000]","[241, 227, 1305, 1114]",hold
1136.jpg,1136,person,plane,"[556, 47, 1157, 900]","[402, 487, 942, 807]",hold
1137.jpg,1137,car,road,"[250, 342, 776, 565]","[4, 997, 1600, 1193]",above
1150.jpg,1150,chair,person,"[1, 142, 401, 551]","[51, 307, 149, 391]",taller than
1160.jpg,1160,chair,person,"[83, 99, 304, 462]","[103, 273, 224, 475]",taller than
1162.jpg,1162,chair,person,"[72, 172, 409, 712]","[409, 554, 450, 668]",taller than
1163.jpg,1163,chair,person,"[39, 4, 564, 905]","[120, 363, 387, 742]",taller than
1164.jpg,1164,chair,person,"[37, 60, 467, 627]","[167, 271, 246, 476]",taller than
1166.jpg,1166,car,building,"[75, 162, 344, 289]","[1, 1, 499, 322]",in
1167.jpg,1167,car,car,"[84, 43, 734, 378]","[73, 297, 741, 538]",on the top of
1169.jpg,1169,car,car,"[194, 315, 554, 432]","[206, 413, 572, 515]",on the top of
1174.jpg,1174,car,tree,"[102, 82, 354, 222]","[14, 2, 400, 300]",in
1177.jpg,1177,person,table,"[190, 258, 210, 302]","[86, 112, 359, 298]",under
1182.jpg,1182,person,car,"[119, 62, 253, 280]","[1, 236, 395, 400]",on the top of
1186.jpg,1186,car,road,"[79, 144, 539, 329]","[1, 306, 600, 450]",above
1189.jpg,1189,elephant,tree,"[119, 25, 291, 189]","[2, 1, 379, 477]",in
1194.jpg,1194,car,building,"[105, 112, 281, 298]","[1, 1, 334, 383]",in
1195.jpg,1195,car,building,"[226, 158, 457, 344]","[1, 1, 504, 335]",in
1196.jpg,1196,car,roof,"[194, 38, 342, 138]","[66, 91, 435, 192]",on the top of
